message_id,date,from,subject,discovery_tiers,prefilter_result,parser_flight_count,parser_source,ai_label,ai_confidence,audit_bucket,parse_miss_score,detected_airports,detected_flight_numbers,safe_snippet
16f916b2785c4525,"Fri, 10 Jan 2020 21:45:05 +0000",Emirates <do-not-reply@emirates.email>,The departure time has changed for your flight to New York,incremental_precise,True,0,,flight_change,0.95,change_or_cancellation,10,"DXB,EWR",[code],"The departure time has changed for your flight to New York Add Emirates to your safe senders list Emirates The departure time has changed for your flight [code] to New York Emirates Booking Reference: [code] Dear customer, The departure time of your flight has Emirates <[url] *Add Emirates to your safe senders list* <[url] <[url] = The departure time has cha"
18ae686ddeeb781d,"Sat, 30 Sep 2023 14:38:31 +0000 (UTC)",American Airlines <no-reply@info.email.aa.com>,Your flight from BNA,"incremental_precise,incremental_precise",True,0,,flight_change,0.95,change_or_cancellation,12,BNA,,"Your flight from BNA American Airlines home Are your plans flexible? Record Locator: [code] You can move flights at no charge. If your plans are flexible, we have a few options you may consider. This is an exclusive online <!DOCTYPE html> <html> <head> <META HTTP-EQUIV=""Content-Type"" CONTENT=""text/html; charset=utf-8""> <link href=""[url] rel=""stylesheet"" type"
159557119aad942e,"Sat, 31 Dec 2016 15:12:46 +0000",Emirates <do-not-reply@emirates.email>,Important Changes to your Emirates Flight,"incremental_precise,incremental_precise",True,0,,flight_change,0.95,change_or_cancellation,10,"NEW YORK,DUBAI",EK208,Important Changes to your Emirates Flight Add Emirates to your safe senders list Emirates Important Travel Notification Hello Davidirwin Emirates Booking Reference: [code] Travel Agency Booking Reference: [code] We can see you are due to Emirates <[url] *Add Emirates to your safe senders list* <[url] <[url] = Important Travel Notification = Hello Davidirwin 
171fff269161f2ad,"Sun, 10 May 2020 18:56:46 +0000 (UTC)",American.Airlines@aa.com,AA.com Change Reservation Confirmation,"incremental_precise,incremental_precise",True,0,,flight_change,0.95,change_or_cancellation,14,,,"AA.com Change Reservation Confirmation Reservations pipe separator AAdvantage Account pipe separator Fare Sales and Offers Self Service Dear Customer, Thank you for modifying your travel arrangements on AA.com. This email confirms that your Change Reservation Confirmation Email Dear Customer, Thank you for modifying your travel arrangements on AA.com. This e"
1967644b9bc70cc6,"Sun, 27 Apr 2025 08:02:16 +0000 (UTC)",AirAsia Support <noreplycustsupport@airasia.com>,URGENT: AirAsia Flight Reschedule Notice (MDHIYD),"incremental_precise,incremental_precise,initial_broad_recent,initial_broad_recent,initial_broad_recent",True,1,heuristic,flight_change,0.95,change_or_cancellation,10,"MNL,MPH",Z2211,"[code]: AirAsia Flight Reschedule Notice ([code]) Flight Reschedule Notice Booking Number: [code] Dear Guest, We regret to inform you that your AirAsia flight Z2211 from Manila Int&#39;l (MNL) to Caticlan (Godofredo P. Ramos) (MPH) on 28 Apr, 2025 has <!doctype html> <html> <head> <meta name=""viewport"" content=""width=device-width""> <meta http-equiv=""Content-"
19470e5fa4e12760,"Thu, 16 Jan 2025 14:55:07 -0600",Nathan Hennigh <nathanhennigh@gmail.com>,Fwd: Modified Spirit Airlines Flight Confirmation: LI2HXS,"incremental_precise,incremental_precise,initial_broad_recent,initial_broad_recent",True,2,heuristic,flight_change,0.95,change_or_cancellation,12,"ORLANDO, FL,ATLANTA, GA,HOUSTON, TX",[code],"Fwd: Modified Spirit Airlines Flight Confirmation: [code] ---------- Forwarded message --------- From: Spirit Airlines &lt;[email]&gt; Date: Thu, Jan 16, 2025, 2:53 PM Subject: Modified Spirit Airlines Flight Confirmation: [code] To: ---------- Forwarded message --------- From: Spirit Airlines <[email]> Date: Thu, Jan 16, 2025, 2:53 PM Subject: Modified Spir"
1813e8860c210202,"Tue, 7 Jun 2022 16:18:53 +0200 (CEST)",IBERIA CONECTA <noreply@iberia.es>,Changes in your reservation MEQQ0,incremental_precise,True,0,,flight_change,0.95,change_or_cancellation,10,"SHORT_CITY,IBC_NOTIFICATIONS.DESTINATION",,"Changes in your reservation MEQQ0 Dear Sir/Madam HENNIGH, Booking code: MEQQ0 We regret that you did not arrive in time to connect with your flight to SHORT_CITY.IBC_NOTIFICATIONS.DESTINATION. We have rebooked you on the next available <body style=""margin:0;""> <table cellspacing=""0"" cellpadding=""0"" border=""0"" style=""width:100%; text-align:center;""><tr><td> <"
16baeda30614da51,1 Jul 2019 14:44:19 -0400,"""United Airlines, Inc."" <unitedairlines@united.com>",Link to mobile boarding pass(es) for confirmation I4MMJB,"incremental_precise,incremental_precise",True,0,,boarding_pass,0.95,duplicate_or_reminder,10,"SFO,EWR",UA577,"Link to mobile boarding pass(es) for confirmation [code] Please use the link(s) below to retrieve your mobile boarding pass(es), which must be displayed on your mobile phone or PDA at the security checkpoint and again at the gate to board your flight. Mobile Please use the link(s) below to retrieve your mobile boarding pass(es), which must be displayed on yo"
176501f75a5d455d,10 Dec 2020 23:46:46 -0500,"""United Airlines, Inc."" <unitedairlines@united.com>",Airport check-in required for confirmation OB5PJV,"incremental_precise,incremental_precise",True,0,,boarding_pass,0.95,duplicate_or_reminder,10,DALLAS/FORT WORTH,,"Airport check-in required for confirmation [code] Please note that we are unable to provide boarding documents for travelers in this reservation. Please go to an airport check-in kiosk or see a United representative at the airport to receive boarding <table cellpadding=""0"" cellspacing=""0"" style=""font-family:Arial;font-size:10pt;"" border=""0""><tr><td>&nbsp;</t"
16f91202bed6dd57,10 Jan 2020 15:23:21 -0500,American Airlines <no-reply@notify.email.aa.com>,Your receipt,"incremental_precise,incremental_precise",True,0,,receipt,0.95,duplicate_or_reminder,12,,,"Your receipt Issued: January 10, 2020 Your receipt Record Locator: [code] Thanks for your payment. Check your bags and print bag tags at the airport. Free checked bags are not included on this receipt. Payment <html> <!DOCTYPE html> <html> <head> <meta name=""viewport"" content=""width=device-width, initial-scale=1.0""> <meta http-equiv=""content-type"" content=""t"
171fe6d3f4d6972a,10 May 2020 07:51:43 -0400,American Airlines <no-reply@notify.email.aa.com>,Your refund is complete,"incremental_precise,incremental_precise",True,0,,receipt,0.95,duplicate_or_reminder,12,HENNIGH,,"Your refund is complete Your refund is complete Ticket number: 0012125508305 Record locator: [code] [code] HENNIGH Refund for: Refund amount: 98.10 USD Refund to: MASTERCARD ending 2295 Date refund issued: 05/09/2020 Please <html> <!DOCTYPE html [code] ""-//W3C//DTD HTML 4.01 Transitional//EN"" ""[url] <html><head><meta http-equiv=""Content-Type"" content=""text/h"
182038791957709e,15 Jul 2022 20:22:49 +0000,American Airlines <AmericanAirlines@info.ms.aa.com>,"Nathan, prepare for your upcoming trip","incremental_precise,incremental_precise",True,0,,other_travel,0.95,duplicate_or_reminder,8,,,"Nathan, prepare for your upcoming trip Tips to make your travel easy View on web American Airlines oneworld 9WA4N04 Hello, Nathan Get ready to fly with the American Airlines app Check in on the app Check in 24 hours before your flight to American Airlines */ @media screen and (min-width:481px){ table[class=nodsk], span[class=nodsk], td[class=nodsk], img[clas"
1817890ebfb37aa3,18 Jun 2022 20:45:52 +0000,American Airlines <AmericanAirlines@info.ms.aa.com>,"Nathan, prepare for your upcoming trip","incremental_precise,incremental_precise",True,0,,other_travel,0.95,duplicate_or_reminder,8,,,"Nathan, prepare for your upcoming trip Tips to make your travel easy View on web American Airlines oneworld 9WA4N04 Hello, Nathan Get ready to fly with the American Airlines app Check in on the app Check in 24 hours before your flight to American Airlines */ @media screen and (min-width:481px){ table[class=nodsk], span[class=nodsk], td[class=nodsk], img[clas"
1798102fbfe259f4,18 May 2021 15:45:25 -0400,"""United Airlines, Inc."" <unitedairlines@united.com>",Link to mobile boarding pass(es) for confirmation B4282H,"incremental_precise,incremental_precise",True,0,,boarding_pass,0.95,duplicate_or_reminder,10,"DFW,EWR",[code],"Link to mobile boarding pass(es) for confirmation [code] Please use the link(s) below to retrieve your mobile boarding pass(es), which must be displayed on your mobile phone or PDA at the security checkpoint and again at the gate to board your flight. Mobile Please use the link(s) below to retrieve your mobile boarding pass(es), which must be displayed on yo"
17aff0de8142f2e7,31 Jul 2021 20:12:17 -0400,"""United Airlines, Inc."" <unitedairlines@united.com>",Link to mobile boarding pass(es) for confirmation B4282H,"incremental_precise,incremental_precise",True,0,,boarding_pass,0.95,duplicate_or_reminder,10,"EWR,DFW",UA662,"Link to mobile boarding pass(es) for confirmation [code] Please use the link(s) below to retrieve your mobile boarding pass(es), which must be displayed on your mobile phone or PDA at the security checkpoint and again at the gate to board your flight. Mobile Please use the link(s) below to retrieve your mobile boarding pass(es), which must be displayed on yo"
193134d33b6862cf,9 Nov 2024 23:40:44 +0000,United Airlines <noreply@united.com>,Standard checked bag purchase confirmation,"incremental_precise,incremental_precise,initial_broad_recent,initial_broad_recent,initial_broad_recent",True,0,,receipt,0.95,duplicate_or_reminder,8,,,"Standard checked bag purchase confirmation Add [email] to your address book.See instructions. United Airlines Thank you for choosing United Your purchase is complete. Flight confirmation number: [code] View trip details <!DOCTYPE html [code] ""-//W3C//DTD XHTML 1.0 Transitional//EN"" ""[url] <html xmlns=""[url] xmlns:v=""urn:schemas-microsoft-com:vml"" xmlns:o=""ur"
193134e73fac5ccb,9 Nov 2024 23:42:06 +0000,United Airlines <noreply@united.com>,Standard checked bag purchase confirmation,"incremental_precise,incremental_precise,initial_broad_recent,initial_broad_recent,initial_broad_recent",True,0,,receipt,0.95,duplicate_or_reminder,8,,,"Standard checked bag purchase confirmation Add [email] to your address book.See instructions. United Airlines Thank you for choosing United Your purchase is complete. Flight confirmation number: [code] View trip details <!DOCTYPE html [code] ""-//W3C//DTD XHTML 1.0 Transitional//EN"" ""[url] <html xmlns=""[url] xmlns:v=""urn:schemas-microsoft-com:vml"" xmlns:o=""ur"
1814cfcc08d702e5,"Fri, 10 Jun 2022 03:40:40 -0600",IBERIA CONECTA <noreply@comunicaciones.iberia.com>,Booking 2H38SZ - Online validation of your documents,"incremental_precise,incremental_precise",True,0,,boarding_pass,0.95,duplicate_or_reminder,12,UNITED STATES OF AMERICA,[code],"Booking [code] - Online validation of your documents We&#39;ll verify your compulsory documents to ensure you have a smooth journey. If this email does not display correctly, please go to our web version. Upload your documents to make sure that you have Iberia We'll verify your compulsory documents to ensure you have a smooth journey. If this email does not "
1814cfd04e78d781,"Fri, 10 Jun 2022 03:40:57 -0600",IBERIA CONECTA <noreply@comunicaciones.iberia.com>,Booking 2H38SZ - Online validation of your documents,"incremental_precise,incremental_precise",True,0,,boarding_pass,0.95,duplicate_or_reminder,12,UNITED STATES OF AMERICA,[code],"Booking [code] - Online validation of your documents We&#39;ll verify your compulsory documents to ensure you have a smooth journey. If this email does not display correctly, please go to our web version. Upload your documents to make sure that you have Iberia We'll verify your compulsory documents to ensure you have a smooth journey. If this email does not "
18519f35825c3c37,"Fri, 16 Dec 2022 08:00:54 +0000 (UTC)",American Airlines <no-reply@info.email.aa.com>,Your purchase receipt - TGWBON,"incremental_precise,incremental_precise",True,0,,receipt,0.95,duplicate_or_reminder,10,,,"Your purchase receipt - [code] Issued: December 16, 2022 Your receipt We charged $70.00 to the card linked to Google Pay. You can check in via the American app 24 hours before your flight and get your mobile boarding pass. Record <!DOCTYPE html> <html> <head> <title>American Airlines</title> <meta http-equiv=""X-UA-Compatible"" content=""IE=11""> <meta charset="""
184d39349ac623c8,"Fri, 2 Dec 2022 16:02:35 +0000","""Justfly.com"" <noreply@justfly.com>",Manage Your Reservation Using Self-Serve!,"incremental_precise,incremental_precise",True,0,,boarding_pass,0.95,duplicate_or_reminder,8,,,"Manage Your Reservation Using Self-Serve! You&#39;re all set! Pack your bags and we&#39;ll take care of the rest. To view or print your boarding pass, go to your airline&#39;s website and enter your confirmation number. ‌ justfly Logo Manage <!DOCTYPE html [code] ""-//W3C//DTD XHTML 1.0 Transitional //EN"" ""[url] <!--[if IE]><html xmlns=""[url] class=""ie""><![en"
1978af7b40f0c191,"Fri, 20 Jun 2025 01:32:57 +0000 (UTC)",United Airlines <notifications@united.com>,Quick reminders about your upcoming trip to Houston,"incremental_precise,incremental_precise,initial_broad_recent,initial_broad_recent,initial_broad_recent",True,0,,reminder,0.95,duplicate_or_reminder,12,HOUSTON,,"Quick reminders about your upcoming trip to Houston United Airlines Flight itinerary Destination: Houston Reservation number: [code] Departs: June 22, 2025 It&#39;s almost time for your trip Here&#39;s your very own checklist with what you&#39;ll need <?xml version=""1.0"" encoding=""UTF-8"" standalone=""no""?><html xmlns:date=""[url] xmlns:em=""[url] <head> <META h"
1978af9de9cf7aca,"Fri, 20 Jun 2025 01:35:19 +0000 (UTC)",United Airlines <notifications@united.com>,Quick reminders about your upcoming trip to Houston,"incremental_precise,incremental_precise,initial_broad_recent,initial_broad_recent,initial_broad_recent",True,0,,reminder,0.95,duplicate_or_reminder,12,HOUSTON,,"Quick reminders about your upcoming trip to Houston United Airlines Flight itinerary Destination: Houston Reservation number: [code] Departs: June 22, 2025 It&#39;s almost time for your trip Here&#39;s your very own checklist with what you&#39;ll need <?xml version=""1.0"" encoding=""UTF-8"" standalone=""no""?><html xmlns:date=""[url] xmlns:em=""[url] <head> <META h"
19529cb8a44b30b4,"Fri, 21 Feb 2025 18:35:57 +0000 (UTC)",United Airlines <notifications@united.com>,Quick reminders about your upcoming trip to Denver,"incremental_precise,incremental_precise,initial_broad_recent,initial_broad_recent,initial_broad_recent",True,0,,reminder,0.95,duplicate_or_reminder,12,DENVER,,"Quick reminders about your upcoming trip to Denver United Airlines Flight itinerary Destination: Denver Reservation number: [code] Departs: February 24, 2025 It&#39;s almost time for your trip Here&#39;s your very own checklist with what you&#39;ll <?xml version=""1.0"" encoding=""UTF-8"" standalone=""no""?><html xmlns:date=""[url] xmlns:em=""[url] <head> <META http"
1822447bfce838f6,"Fri, 22 Jul 2022 05:00:56 +0000 (UTC)",Frontier Airlines <info@reservation.flyfrontier.com>,"Your Boarding Pass for Your Flight From PHL-Philadelphia, PA to BNA - Nashville Intl on July 22, 2022",incremental_precise,True,0,,boarding_pass,0.95,duplicate_or_reminder,12,"PHL,BNA",,"Your Boarding Pass for Your Flight From PHL-Philadelphia, PA to BNA - Nashville Intl on July 22, 2022 ‌ ‌ ‌ ‌ ‌ ‌ ‌ ‌ ‌ ‌ ‌ ‌ ‌ myFrontier YOUR BOARDING PASS IS HERE! Thank you for checking in you can access your boarding pass now. GET BOARDING PASS Get boarding passes for your flight Your trip <p></p> <div style=""width: 100%; background-color: #ffffff;""><!-"
1923396c6f93976a,"Fri, 27 Sep 2024 13:06:11 +0000 (UTC)",United Airlines <notifications@united.com>,Quick reminders about your upcoming trip to New York,"incremental_precise,incremental_precise",True,0,,reminder,0.95,duplicate_or_reminder,12,NEW YORK,,"Quick reminders about your upcoming trip to New York United Airlines MileagePlus # XXXXX111 Flight itinerary Destination: New York Reservation number: [code] Departs: September 30, 2024 nathan, it&#39;s almost time for your trip! Thanks for being a <?xml version=""1.0"" encoding=""UTF-8"" standalone=""no""?><html xmlns:em=""[url] <head> <META http-equiv=""Content-Ty"
19375c13ee776d2a,"Fri, 29 Nov 2024 02:30:17 +0000 (UTC)",United Airlines <notifications@united.com>,Quick reminders about your upcoming trip to Houston,"incremental_precise,incremental_precise,initial_broad_recent,initial_broad_recent,initial_broad_recent",True,0,,reminder,0.95,duplicate_or_reminder,12,HOUSTON,,"Quick reminders about your upcoming trip to Houston United Airlines MileagePlus # XXXXX111 Flight itinerary Destination: Houston Reservation number: [code] Departs: December 1, 2024 nathan, it&#39;s almost time for your trip! Thanks for being a <?xml version=""1.0"" encoding=""UTF-8"" standalone=""no""?><html xmlns:em=""[url] <head> <META http-equiv=""Content-Type"" "
171e0fb7cf35a4e6,"Mon, 04 May 2020 18:38:28 +0000 (UTC)",americanairlines@aa.com,American Airlines mobile boarding pass,"incremental_precise,incremental_precise",True,0,,boarding_pass,0.95,duplicate_or_reminder,7,,,"American Airlines mobile boarding pass Retrieve your boarding pass: [url] Retrieve your boarding pass: [url] For iPhone, add your mobile boarding pass to Apple Wallet. For Android, take a screenshot of your boarding pass to make it easy to retrieve. We look forward to seeing you on board."
171e0fc0d247fcca,"Mon, 04 May 2020 18:39:05 +0000 (UTC)",americanairlines@aa.com,American Airlines mobile boarding pass,"incremental_precise,incremental_precise",True,0,,boarding_pass,0.95,duplicate_or_reminder,7,,,"American Airlines mobile boarding pass Retrieve your boarding pass: [url] Retrieve your boarding pass: [url] For iPhone, add your mobile boarding pass to Apple Wallet. For Android, take a screenshot of your boarding pass to make it easy to retrieve. We look forward to seeing you on board."
18138d772897e9eb,"Mon, 06 Jun 2022 05:47:30 -0600",IBERIA <iberia@comunicaciones.iberia.com>,Booking MEQQ0: Get your boarding pass 🛫,"incremental_precise,incremental_precise",True,0,,boarding_pass,0.95,duplicate_or_reminder,10,"TNG,MAD,PMI",MEQQ0,"Booking MEQQ0: Get your boarding pass 🛫 All set for your trip to Palma de Mallorca? If this email does not display correctly, please go to our web version. Check-in is now open for your flight to Palma de Mallorca Booking reference: MEQQ0 div.preheader { display: none !important; } All set for your trip to Palma de Mallorca? If this email does not display co"
18e2d21b2599e9b3,"Mon, 11 Mar 2024 10:49:27 +0000",Frontier Airlines <flights@emails.flyfrontier.com>,Don't Forget to Check In for Your Flight From  BWI to DFW on 03-11-2024,"incremental_precise,incremental_precise",True,0,,reminder,0.95,duplicate_or_reminder,12,"BWI,DFW",,"Don't Forget to Check In for Your Flight From BWI to DFW on 03-11-2024 FRONTIER Low Fares Done Right Elisha, check in now for your flight to Dallas. Your confirmation code: [code] CHECK-IN NOW Check in with the Frontier mobile app! iOS GooglePlay Skip the ticket counter <!DOCTYPE html> <html lang=""en"" xmlns=""[url] xmlns:v=""urn:schemas-microsoft-com:vml"" xmln"
18e2e058c82c98e4,"Mon, 11 Mar 2024 14:58:19 +0000",Frontier Airlines <flights@emails.flyfrontier.com>,Don't Forget to Check In for Your Flight From  BWI to DFW on 03-11-2024,"incremental_precise,incremental_precise",True,0,,reminder,0.95,duplicate_or_reminder,12,"BWI,DFW",,"Don't Forget to Check In for Your Flight From BWI to DFW on 03-11-2024 FRONTIER Low Fares Done Right Elisha, check in now for your flight to Dallas. Your confirmation code: [code] CHECK-IN NOW Check in with the Frontier mobile app! iOS GooglePlay Skip the ticket counter <!DOCTYPE html> <html lang=""en"" xmlns=""[url] xmlns:v=""urn:schemas-microsoft-com:vml"" xmln"
181838e953b8f492,"Mon, 20 Jun 2022 23:59:26 +0000 (UTC)",American Airlines <no-reply@info.email.aa.com>,Your purchase receipt - VEBYJD,"incremental_precise,incremental_precise",True,0,,receipt,0.95,duplicate_or_reminder,10,,,"Your purchase receipt - [code] Issued: June 20, 2022 Your receipt Record Locator: [code] We charged $30.00 to the card linked to Google Pay. You can check in via the American app 24 hours before your flight and get your mobile <!DOCTYPE html> <html> <head> <title>American Airlines</title> <meta http-equiv=""X-UA-Compatible"" content=""IE=11""> <meta charset=""UTF"
195390e3435d1cf0,"Mon, 24 Feb 2025 17:43:00 +0000",FlyHouston Rewards Customer Service <customer.service@flyhoustonrewards.com>,Every meal. Every snack. Every time you park.,"incremental_precise,initial_broad_recent,initial_broad_recent",True,0,,other_travel,0.95,duplicate_or_reminder,10,"IAH,HOU",,Every meal. Every snack. Every time you park. Points can add up faster than you think! Log in to redeem rewards or link your card(s). Your Boarding Pass to Rewards Congrats! You&#39;re officially a member of FlyHouston Rewards! You&#39;re just one Points can add up faster than you think! Log in to redeem rewards or link your card(s). [url] ** Your Boarding P
199934b432431873,"Mon, 29 Sep 2025 02:26:45 +0000 (UTC)",United Airlines <notifications@united.com>,Quick reminders about your upcoming trip to Singapore,"incremental_precise,incremental_precise,initial_broad_recent,initial_broad_recent,initial_broad_recent",True,0,,reminder,0.95,duplicate_or_reminder,12,SINGAPORE,,"Quick reminders about your upcoming trip to Singapore United Airlines Flight itinerary Destination: Singapore Reservation number: [code] Departs: September 29, 2025 It&#39;s almost time for your trip Here&#39;s your very own checklist with what you&#39;ll <?xml version=""1.0"" encoding=""UTF-8"" standalone=""no""?><html xmlns:date=""[url] xmlns:em=""[url] <head> <ME"
1950b5ef6c34d77b,"Sat, 15 Feb 2025 20:48:45 +0000 (UTC)",United Airlines <notifications@united.com>,Quick reminders about your upcoming trip to Washington,"incremental_precise,incremental_precise,initial_broad_recent,initial_broad_recent,initial_broad_recent",True,0,,reminder,0.95,duplicate_or_reminder,12,WASHINGTON,,"Quick reminders about your upcoming trip to Washington United Airlines Flight itinerary Destination: Washington Reservation number: [code] Departs: February 18, 2025 It&#39;s almost time for your trip Here&#39;s your very own checklist with what you&#39;ll <?xml version=""1.0"" encoding=""UTF-8"" standalone=""no""?><html xmlns:date=""[url] xmlns:em=""[url] <head> <M"
19118ca70443d725,"Sat, 3 Aug 2024 15:10:05 +0000","""Eticket República Dominicana"" <servicio-eticket@migracion.gob.do>",E-Ticket-2024.08.03 15:10:04.454,incremental_precise,True,0,,receipt,0.95,duplicate_or_reminder,10,,,"E-Ticket-2024.08.03 15:10:04.454 GREETINGS [code] This is your application code to access your form again: [code]. Please save it and do not share it with anyone. Attached you will find the document generated for the E-Ticket. To <!DOCTYPE html [code] ""-//W3C//DTD XHTML 1.0 Transitional //EN"" ""[url] <html xmlns=""[url] xmlns:o=""urn:schemas-microsoft-com:offic"
19118ca754ff5c6e,"Sat, 3 Aug 2024 15:10:06 +0000","""Eticket República Dominicana"" <servicio-eticket@migracion.gob.do>",E-Ticket-2024.08.03 15:10:05.688,incremental_precise,True,0,,flight_confirmation,0.95,duplicate_or_reminder,10,,,"E-Ticket-2024.08.03 15:10:05.688 GREETINGS [code] This is your application code to access your form again: [code]. Please save it and do not share it with anyone. Attached you will find the document generated for the E-Ticket. To <!DOCTYPE html [code] ""-//W3C//DTD XHTML 1.0 Transitional //EN"" ""[url] <html xmlns=""[url] xmlns:o=""urn:schemas-microsoft-com:offic"
17fcb471dc2d0c99,"Sun, 27 Mar 2022 06:06:03 -0600",Rue La La <RueLaLa@communication.ruelala.com>,📎 Attached: Your boarding pass to style.,incremental_precise,True,0,,other_travel,0.95,duplicate_or_reminder,10,,,"📎 Attached: Your boarding pass to style. The Getaway Guide. 24-Hour Scores Ends Soon. All Under $100 Oliver Peoples &amp; More Eyewear. Get a good look and save. Rue La La Download the App Rue La La All Women Men Home Kids Experiences Style [{ ""@context"": ""[url] ""@type"": ""Organization"", ""logo"": ""[url] },{ ""@context"": ""[url] ""@type"": ""EmailMessage"", // Altern"
166df42d36fd66cc,"Sun, 4 Nov 2018 09:06:30 -0600 (CST)",americanairlines@aa.com,American Airlines mobile boarding pass,"incremental_precise,incremental_precise",True,0,,boarding_pass,0.95,duplicate_or_reminder,7,,,"American Airlines mobile boarding pass Retrieve your boarding pass: [url] For iPhone, add your mobile boarding Retrieve your boarding pass: [url] For iPhone, add your mobile boarding pass to Apple Wallet. For Android, take a screenshot of your boarding pass to make it easy to retrieve. We look forward to seeing you on board."
193bb1142a2c9354,"Thu, 12 Dec 2024 13:31:28 +0000 (UTC)",United Airlines <notifications@united.com>,Quick reminders about your upcoming trip to Washington,"incremental_precise,incremental_precise,initial_broad_recent,initial_broad_recent,initial_broad_recent",True,0,,reminder,0.95,duplicate_or_reminder,12,WASHINGTON,,"Quick reminders about your upcoming trip to Washington United Airlines MileagePlus # XXXXX111 Flight itinerary Destination: Washington Reservation number: [code] Departs: December 15, 2024 nathan, it&#39;s almost time for your trip! Thanks for being a <?xml version=""1.0"" encoding=""UTF-8"" standalone=""no""?><html xmlns:em=""[url] <head> <META http-equiv=""Content"
1802a4eed2caccd5,"Thu, 14 Apr 2022 19:00:53 -0400","""Justfly.com"" <noreply@justfly.com>",Manage Your Reservation Using Self-Serve!,"incremental_precise,incremental_precise",True,0,,boarding_pass,0.85,duplicate_or_reminder,7,,,"Manage Your Reservation Using Self-Serve! You&#39;re all set! Pack your bags and we&#39;ll take care of the rest. To view or print your boarding pass, go to your airline&#39;s website and enter your confirmation number. ‌ justfly Logo Manage You’re all set! Pack your bags and we’ll take care of the rest. To view or print your boarding pass, go to your airlin"
18bda7885d0ea6fa,"Thu, 16 Nov 2023 23:30:11 +0000 (UTC)",American.Airlines@info.email.aa.com,American Airlines mobile boarding pass,"incremental_precise,incremental_precise",True,0,,boarding_pass,0.95,duplicate_or_reminder,7,,,"American Airlines mobile boarding pass Retrieve your boarding pass: [url] Retrieve your boarding pass: [url] For iPhone, add your mobile boarding pass to Apple Wallet. For Android, take a screenshot of your boarding pass to make it easy to retrieve. We look forward to seeing you on board."
17395f7abce33159,"Tue, 28 Jul 2020 11:05:21 -0400",NASA Mars <no-reply-mars@jpl.nasa.gov>,Send Your Name to Mars Again,incremental_precise,True,0,,other_travel,0.95,duplicate_or_reminder,12,,,"Send Your Name to Mars Again Send Your Name to Mars Again › If you sent your name on the Mars 2020 rover, find your boarding pass here! Missed your chance to fly with Perseverance? Sign up to send your name with a future Mars [1][9be8d87ebdaa7416d301740506895192.jpeg] [2][] [3]Send Your Name to Mars Again â?º If you sent your name on the Mars 2020 rover, [4]"
181a875b0ed43ab7,"Tue, 28 Jun 2022 03:58:12 +0000 (UTC)",American Airlines <no-reply@info.email.aa.com>,Your purchase receipt - BMHMVQ,"incremental_precise,incremental_precise",True,0,,receipt,0.95,duplicate_or_reminder,10,,,"Your purchase receipt - [code] Issued: June 27, 2022 Your receipt Record Locator: [code] We charged $30.00 to the card linked to Google Pay. You can check in via the American app 24 hours before your flight and get your mobile <!DOCTYPE html> <html> <head> <title>American Airlines</title> <meta http-equiv=""X-UA-Compatible"" content=""IE=11""> <meta charset=""UTF"
16cb4e773cee1b91,"Wed, 21 Aug 2019 11:58:18 -0400",NASA Mars Outreach <mars@jpl.nasa.gov>,NASA's Send Your Name to Mars: Confirm Subscription,incremental_precise,True,0,,other_travel,0.95,duplicate_or_reminder,10,,,NASA's Send Your Name to Mars: Confirm Subscription You received this email because you previously signed up for the Send Your Name to Mars on InSight and/or the Orion missions. An exciting new opportunity to Send Your Name is underway now! If you wish [1] Get your boarding pass to fly your name on the next mission to Mars! go.nasa.gov/Mars2020Pass You recei
1953fa013d79e9c5,"Wed, 26 Feb 2025 00:20:08 +0000 (UTC)",United Airlines <notifications@united.com>,Quick reminders about your upcoming trip to Houston,"incremental_precise,incremental_precise,initial_broad_recent,initial_broad_recent,initial_broad_recent",True,0,,reminder,0.95,duplicate_or_reminder,12,HOUSTON,,"Quick reminders about your upcoming trip to Houston United Airlines Flight itinerary Destination: Houston Reservation number: [code] Departs: February 28, 2025 It&#39;s almost time for your trip Here&#39;s your very own checklist with what you&#39;ll <?xml version=""1.0"" encoding=""UTF-8"" standalone=""no""?><html xmlns:date=""[url] xmlns:em=""[url] <head> <META ht"
18ea3b9a590ae25e,"Wed, 3 Apr 2024 06:30:00 -0500",Kaylen Melton <kaylen@crosbyott.com>,Re: Nathan - Reimbursement,"incremental_precise,incremental_precise",False,0,,receipt,0.95,duplicate_or_reminder,12,,,"Re: Nathan - Reimbursement Hey Allie, Apologies for the delay. Please see the reimbursement form attached listing out the transactions we processed his reimbursement for. Thank you! Kaylen Melton, CPA Crosby Ottenhoff Group (205 Hey Allie, Apologies for the delay. Please see the reimbursement form attached listing out the transactions we processed his reimbu"
166ccb727f3911f6,"Wed, 31 Oct 2018 19:40:46 -0500 (CDT)",americanairlines@aa.com,American Airlines mobile boarding pass,"incremental_precise,incremental_precise",True,0,,boarding_pass,0.95,duplicate_or_reminder,7,,,"American Airlines mobile boarding pass Retrieve your boarding pass: [url] For iPhone, add your mobile boarding Retrieve your boarding pass: [url] For iPhone, add your mobile boarding pass to Apple Wallet. For Android, take a screenshot of your boarding pass to make it easy to retrieve. We look forward to seeing you on board."
19d881670008761a,"Mon, 13 Apr 2026 12:24:19 -0600","""Sapphire Reserve for Business℠"" <no_reply@mcmap.chase.com>","Earn 150,000 bonus points with the new Chase Sapphire Reserve for Business℠ card.","incremental_precise,incremental_precise,initial_broad_recent,initial_broad_recent,initial_broad_recent,exhaustive_backfill",True,0,,not_flight,0.99,not_flight,12,,,"Earn 150,000 bonus points with the new Chase Sapphire Reserve for Business℠ card. Maximize your rewards with Sapphire Reserve for Business℠ ‌ ‌ ‌ ‌ ‌ ‌ ‌ ‌ ‌ ‌ ‌ ‌ ‌ ‌ ‌ ‌ ‌ ‌ ‌ ‌ ‌ ‌ ‌ ‌ ‌ ‌ ‌ ‌ ‌ ‌ ‌ ‌ ‌ ‌ ‌ ‌ ‌ ‌ ‌ ‌ ‌ ‌ ‌ ‌ ‌ ‌ ‌ ‌ ‌ ‌ ‌ ‌ ‌ ‌ ‌ ‌ ‌ ‌ ‌ ‌ ‌ ‌ ‌ ‌ ‌ ‌ ‌ ‌ ‌ ‌ ‌ ‌ Earn 150,000 bonus points with the new Chase Sapphire Reserve for Business℠ "
19d890a515f32495,"Mon, 13 Apr 2026 16:50:46 -0600",MileagePlus Program <MileagePlus_Program@enews.united.com>,"Don't miss your shot at 3,000 bonus miles","incremental_precise,incremental_precise,initial_broad_recent,initial_broad_recent,initial_broad_recent,exhaustive_backfill",True,0,,not_flight,0.99,not_flight,12,,,"Don't miss your shot at 3,000 bonus miles Register for your Mile Play challenge to earn. View Online United MileagePlus MileagePlus # XXXXX111 Mileage balance 5475 United MileagePlus MileagePlus # XXXXX111 Mileage balance 5475 United United Airlines - United MileagePlus Register for your Mile Play challenge to earn. [url] View Online [url] MileagePlus # XXXX"
19cf7d531ac12bea,"Mon, 16 Mar 2026 12:07:45 -0600","""Chase for Business® Credit Cards"" <no_reply@mcmap.chase.com>","Earn 150,000 bonus points with the new Chase Sapphire Reserve for Business℠ card.","incremental_precise,incremental_precise,initial_broad_recent,initial_broad_recent,initial_broad_recent",True,0,,not_flight,0.99,not_flight,12,,,"Earn 150,000 bonus points with the new Chase Sapphire Reserve for Business℠ card. Maximize your rewards with Sapphire Reserve for Business℠ ‌ ‌ ‌ ‌ ‌ ‌ ‌ ‌ ‌ ‌ ‌ ‌ ‌ ‌ ‌ ‌ ‌ ‌ ‌ ‌ ‌ ‌ ‌ ‌ ‌ ‌ ‌ ‌ ‌ ‌ ‌ ‌ ‌ ‌ ‌ ‌ ‌ ‌ ‌ ‌ ‌ ‌ ‌ ‌ ‌ ‌ ‌ ‌ ‌ ‌ ‌ ‌ ‌ ‌ ‌ ‌ ‌ ‌ ‌ ‌ ‌ ‌ ‌ ‌ ‌ ‌ ‌ ‌ ‌ ‌ ‌ ‌ Earn 150,000 bonus points with the new Chase Sapphire Reserve for Business℠ "
19dac5891804baf1,"Mon, 20 Apr 2026 13:22:56 -0600",MileagePlus Program <MileagePlus_Program@enews.united.com>,"Don't miss your shot at 3,000 bonus miles","incremental_precise,incremental_precise,initial_broad_recent,initial_broad_recent,initial_broad_recent,exhaustive_backfill",True,0,,not_flight,0.99,not_flight,12,,,"Don't miss your shot at 3,000 bonus miles Register for your Mile Play challenge to earn. View Online United MileagePlus MileagePlus # XXXXX111 Mileage balance 5475 United MileagePlus MileagePlus # XXXXX111 Mileage balance 5475 United United Airlines - United MileagePlus Register for your Mile Play challenge to earn. [url] View Online [url] MileagePlus # XXXX"
18a7aa8a8c904549,"Sat, 09 Sep 2023 09:15:40 -0400",NASA Mars <no-reply-mars@jpl.nasa.gov>,NASA Mars Exploration Newsletter: September 2023,incremental_precise,True,0,,not_flight,0.99,not_flight,10,,,"NASA Mars Exploration Newsletter: September 2023 Watch Mars Helicopter Fly; Early Mars Sample Return Preps; A Martian Back-to-School September 2023 Animated GIF shows the Ingenuity Mars Helicopter with its blades spinning, taking off from the Mars NASA Mars Exploration at a Glance September 2023 [1]Animated GIF shows the Ingenuity Mars Helicopter with its bl"
18757112c73c88dd,"Thu, 06 Apr 2023 09:11:55 -0400",NASA Mars <no-reply-mars@jpl.nasa.gov>,NASA Mars Exploration Newsletter: April 2023,incremental_precise,True,0,,not_flight,0.99,not_flight,10,,,NASA Mars Exploration Newsletter: April 2023 Rovers-eye View of Mars Helicopter Flight; New Online Sample Return Info; Clouds Adrift Over Mars April 2023 Animation shows Mars Sample Return components at Mars. The six-wheeled Perseverance rover NASA Mars Exploration at a Glance April 2023 [1]Animation shows Mars Sample Return components at Mars. The six-wheel
184f18746aa6cc0f,"Thu, 08 Dec 2022 05:35:13 -0500",NASA Mars <no-reply-mars@jpl.nasa.gov>,NASA Mars Exploration Newsletter: December 2022,incremental_precise,True,0,,not_flight,0.99,not_flight,10,,,"NASA Mars Exploration Newsletter: December 2022 December 2022 Still image from video shows a low-angle, illustrated view of a four-legged robotic lander on the surface of Mars. In the distance, the Mars Perseverance rover looks on, having delivered NASA Mars Exploration at a Glance December 2022 [1]Still image from video shows a low-angle, illustrated view o"
18df59e5dc8961cd,"Thu, 29 Feb 2024 10:06:51 -0600",Nathan Hennigh <nathanhennigh@gmail.com>,DC Trip,"incremental_precise,incremental_precise",False,0,,unsure,0.1,not_flight,3,,,"DC Trip <div dir=""ltr""><br></div>"
194adcd2edecb9f9,"Tue, 28 Jan 2025 10:40:47 -0600","""United News & Deals"" <UnitedAirlines@enews.united.com>",Today only: Bonus miles on flights to 25 destinations,"incremental_precise,incremental_precise,initial_broad_recent,initial_broad_recent,initial_broad_recent",True,0,,not_flight,0.95,not_flight,10,"AGP,BIO,CEB,CHC,DBV,DXB,FAO,FNC,GOH,HKG,KHH,KIX,MEL,MNL,NGO,OPO,PDL,PEK,PMI,PMO",,Today only: Bonus miles on flights to 25 destinations Plan more adventures in 2025. View Online United Airlines MileagePlus # XXXXX111 Mileage balance 3970 United Airlines MileagePlus # XXXXX111 Mileage balance 3970 United Airlines MileagePlus # XXXXX111 United Airlines - United MileagePlus Plan more adventures in 2025. [url] View Online [url] MileagePlus # 
18772fbdd12c0801,"Wed, 12 Apr 2023 01:02:00 +0000",Rootstock <tickets@sellticketsapp.com>,Order complete: Rootstock 2023,incremental_precise,True,0,,not_flight,0.95,not_flight,12,,,Order complete: Rootstock 2023 Thank you for your order Dear Nathan Hennigh Thank you for ordering tickets to Rootstock 2023! Bring your friends! Your e-ticket 67-6006 Please bring this e-ticket with you to the event. We will also Thank you for your order Dear Nathan Hennigh Thank you for ordering tickets to Rootstock 2023! Bring your friends! Your e-ticket 
171feb9ea08a3786,10 May 2020 13:14:06 +0000,American Airlines <non-aadvantage@mail.ms.aa.com>,Claim the miles for your upcoming trip,"incremental_precise,incremental_precise",True,0,,other_travel,0.95,other_travel,10,,,"Claim the miles for your upcoming trip They&#39;re yours, claim them today View on the web American Airlines oneworld Don&#39;t leave 590 miles behind We noticed your reservation did not include an AAdvantage ® number. Sign up for an American Airlines */ Don’t leave 590miles behind &reg; number. Sign up for an account now &mdash; it’s fast and free to&nbsp;j"
198a523f85922c95,13 Aug 2025 20:33:55 +0000,American Airlines <AmericanAirlines@info.ms.aa.com>,Prepare for your upcoming trip to,"incremental_precise,incremental_precise,initial_broad_recent,initial_broad_recent,initial_broad_recent",True,0,,other_travel,0.95,other_travel,8,,,"Prepare for your upcoming trip to Tips to make your travel easy ͏‌ ͏‌ ͏‌ ͏‌ ͏‌ ͏‌ ͏‌ ͏‌ ͏‌ ͏‌ ͏‌ ͏‌ ͏‌ ͏‌ ͏‌ ͏‌ ͏‌ ͏‌ ͏‌ ͏‌ ͏‌ ͏‌ ͏‌ ͏‌ ͏‌ ͏‌ ͏‌ ͏‌ ͏‌ ͏‌ ͏‌ ͏‌ ͏‌ ͏‌ ͏‌ ͏‌ ͏‌ ͏‌ ͏‌ ͏‌ ͏‌ ͏‌ ͏‌ ͏‌ ͏‌ ͏‌ ͏‌ ͏‌ ͏‌ ͏‌ ͏‌ ͏‌ ͏‌ ͏‌ ͏‌ ͏‌ ͏‌ * * American Airlines @import url([url] ([url] target=""_blank"" data-link-name=""Header AA Logo ([url] target=""_blank"" data-lin"
19cee100025554a6,14 Mar 2026 20:35:19 +0000,American Airlines <AmericanAirlines@info.ms.aa.com>,Prepare for your upcoming trip to Nashville,"incremental_precise,incremental_precise,initial_broad_recent,initial_broad_recent,initial_broad_recent",True,0,,other_travel,0.95,other_travel,8,,,"Prepare for your upcoming trip to Nashville Tips to make your travel easy ͏‌ ͏‌ ͏‌ ͏‌ ͏‌ ͏‌ ͏‌ ͏‌ ͏‌ ͏‌ ͏‌ ͏‌ ͏‌ ͏‌ ͏‌ ͏‌ ͏‌ ͏‌ ͏‌ ͏‌ ͏‌ ͏‌ ͏‌ ͏‌ ͏‌ ͏‌ ͏‌ ͏‌ ͏‌ ͏‌ ͏‌ ͏‌ ͏‌ ͏‌ ͏‌ ͏‌ ͏‌ ͏‌ ͏‌ ͏‌ ͏‌ ͏‌ ͏‌ ͏‌ ͏‌ ͏‌ ͏‌ ͏‌ ͏‌ ͏‌ ͏‌ ͏‌ ͏‌ ͏‌ ͏‌ ͏‌ ͏‌ * * American Airlines @import url([url] ([url] target=""_blank"" data-link-name=""Header AA Logo ([url] target=""_blank"
18e486f6cb91040f,16 Mar 2024 18:04:05 +0000,American Airlines <non-aadvantage@mail.ms.aa.com>,Thanks for booking: Use these tips to prepare for your trip to Washington,"incremental_precise,incremental_precise",True,0,,other_travel,0.95,other_travel,10,,,"Thanks for booking: Use these tips to prepare for your trip to Washington Travel better on your trip ͏‌ ͏‌ ͏‌ ͏‌ ͏‌ ͏‌ ͏‌ ͏‌ ͏‌ ͏‌ ͏‌ ͏‌ ͏‌ ͏‌ ͏‌ ͏‌ ͏‌ ͏‌ ͏‌ ͏‌ ͏‌ ͏‌ ͏‌ ͏‌ ͏‌ ͏‌ ͏‌ ͏‌ ͏‌ ͏‌ ͏‌ ͏‌ ͏‌ ͏‌ ͏‌ ͏‌ ͏‌ ͏‌ ͏‌ ͏‌ ͏‌ ͏‌ ͏‌ ͏‌ ͏‌ ͏‌ ͏‌ ͏‌ ͏‌ ͏‌ ͏‌ ͏‌ ͏‌ ͏‌ ͏‌ ͏‌ ͏‌ ͏‌ * * American Airlines @import url([url] ([url] target=""_blank"" data-link-name=""Header"
173fd3c7b376c842,17 Aug 2020 16:04:46 +0000,Allegiant <no-reply@e.allegiant.com>,Take advantage of remote work flexibility,incremental_precise,True,0,,other_travel,0.95,other_travel,10,LAS VEGAS,,"Take advantage of remote work flexibility Upgrade your routine with “Work Stay Play” ‌ ‌ ‌ ‌ ‌ ‌ ‌ ‌ ‌ ‌ ‌ ‌ ‌ ‌ ‌ ‌ ‌ ‌ ‌ ‌ ‌ ‌ ‌ ‌ ‌ ‌ ‌ ‌ ‌ ‌ ‌ ‌ ‌ ‌ ‌ ‌ ‌ ‌ ‌ ‌ ‌ ‌ ‌ ‌ ‌ ‌ ‌ ‌ ‌ ‌ ‌ ‌ ‌ ‌ ‌ ‌ ‌ ‌ ‌ ‌ ‌ ‌ ‌ ‌ ‌ ‌ ‌ ‌ ‌ ‌ ‌ ‌ ‌ ‌ ‌ ‌ ‌ ‌ ‌ Upgrade your routine with “Work Stay Play” * /* Montserrat Font Support*/ .montserrat-font { font-family: Montserrat,"
193e51338a1be7af,20 Dec 2024 17:17:20 +0000,American Airlines AAdvantage Program <loyalty@loyalty.ms.aa.com>,Level up your travel game this holiday season,"incremental_precise,incremental_precise,initial_broad_recent,initial_broad_recent,initial_broad_recent",True,0,,other_travel,0.95,other_travel,6,,,"Level up your travel game this holiday season Discover the latest program updates, news and more ͏‌ ͏‌ ͏‌ ͏‌ ͏‌ ͏‌ ͏‌ ͏‌ ͏‌ ͏‌ ͏‌ ͏‌ ͏‌ ͏‌ ͏‌ ͏‌ ͏‌ ͏‌ ͏‌ ͏‌ ͏‌ ͏‌ ͏‌ ͏‌ ͏‌ ͏‌ ͏‌ ͏‌ ͏‌ ͏‌ ͏‌ ͏‌ ͏‌ ͏‌ ͏‌ ͏‌ ͏‌ ͏‌ ͏‌ ͏‌ ͏‌ ͏‌ ͏‌ ͏‌ ͏‌ ͏‌ ͏‌ ͏‌ ͏‌ ͏‌ * * American Airlines @import url([url] because you subscribe to AAdvantage Promotions or News&nbsp;and&nbsp;Offe"
18ab4206686b7433,20 Sep 2023 19:45:00 +0000,American Airlines <non-aadvantage@mail.ms.aa.com>,Choose your seat for your upcoming trip to Nashville,"incremental_precise,incremental_precise",True,0,,other_travel,0.95,other_travel,10,NASHVILLE,,"Choose your seat for your upcoming trip to Nashville Find available seats for more comfort ͏‌ ͏‌ ͏‌ ͏‌ ͏‌ ͏‌ ͏‌ ͏‌ ͏‌ ͏‌ ͏‌ ͏‌ ͏‌ ͏‌ ͏‌ ͏‌ ͏‌ ͏‌ ͏‌ ͏‌ ͏‌ ͏‌ ͏‌ ͏‌ ͏‌ ͏‌ ͏‌ ͏‌ ͏‌ ͏‌ ͏‌ ͏‌ ͏‌ ͏‌ ͏‌ ͏‌ ͏‌ ͏‌ ͏‌ ͏‌ ͏‌ ͏‌ ͏‌ ͏‌ ͏‌ ͏‌ ͏‌ ͏‌ ͏‌ ͏‌ ͏‌ ͏‌ ͏‌ ͏‌ * * American Airlines @import url([url] ([url] target=""_blank"" data-link-name=""Header AA Logo ([url] style="
18aba38993ad21f8,22 Sep 2023 00:09:43 +0000,American Airlines <non-aadvantage@mail.ms.aa.com>,Thanks for booking: Use these tips to prepare for your trip to Nashville,"incremental_precise,incremental_precise",True,0,,other_travel,0.95,other_travel,10,,,"Thanks for booking: Use these tips to prepare for your trip to Nashville Travel better on your trip ͏‌ ͏‌ ͏‌ ͏‌ ͏‌ ͏‌ ͏‌ ͏‌ ͏‌ ͏‌ ͏‌ ͏‌ ͏‌ ͏‌ ͏‌ ͏‌ ͏‌ ͏‌ ͏‌ ͏‌ ͏‌ ͏‌ ͏‌ ͏‌ ͏‌ ͏‌ ͏‌ ͏‌ ͏‌ ͏‌ ͏‌ ͏‌ ͏‌ ͏‌ ͏‌ ͏‌ ͏‌ ͏‌ ͏‌ ͏‌ ͏‌ ͏‌ ͏‌ ͏‌ ͏‌ ͏‌ ͏‌ ͏‌ ͏‌ ͏‌ ͏‌ ͏‌ ͏‌ ͏‌ ͏‌ ͏‌ ͏‌ ͏‌ * * American Airlines @import url([url] ([url] target=""_blank"" data-link-name=""Header "
16af450576869972,26 May 2019 13:17:11 +0000,American Airlines <non-aadvantage@mail.ms.aa.com>,Claim the miles for your upcoming trip,"incremental_precise,incremental_precise",True,0,,other_travel,0.95,other_travel,10,,,"Claim the miles for your upcoming trip They&#39;re yours, claim them today View on the web American Airlines oneworld Don&#39;t leave 594 miles behind We noticed your reservation did not include an AAdvantage ® number. Sign up for an American Airlines */ Don’t leave 594miles behind &reg; number. Sign up for an account now &mdash; it’s fast and free to&nbsp;j"
171daabdd5e7d5b3,3 May 2020 13:13:46 +0000,American Airlines <non-aadvantage@mail.ms.aa.com>,Claim the miles for your upcoming trip,"incremental_precise,incremental_precise",True,0,,other_travel,0.95,other_travel,10,,,"Claim the miles for your upcoming trip They&#39;re yours, claim them today View on the web American Airlines oneworld Don&#39;t leave 440 miles behind We noticed your reservation did not include an AAdvantage ® number. Sign up for an American Airlines */ Don’t leave 440miles behind &reg; number. Sign up for an account now &mdash; it’s fast and free to&nbsp;j"
166c52173f04a8eb,30 Oct 2018 13:16:40 +0000,American Airlines <non-aadvantage@mail.ms.aa.com>,Claim the miles for your upcoming trip,"incremental_precise,incremental_precise",True,0,,other_travel,0.95,other_travel,10,,,"Claim the miles for your upcoming trip It takes less than a minute View on the web American Airlines oneworld Don&#39;t leave miles behind Miles to claim Miles needed for a flight award* 1413 7500 + fees of $5.60 per one-way trip Your American Airlines */ per one-way trip &reg; number, and we don&rsquo;t want your miles to go unclaimed. Sign up for one now &"
176beba9f4db4ee3,"Fri, 01 Jan 2021 10:09:45 -0600",Greyhound <reply@em.greyhound.com>,Start your year off with a change of scenery,incremental_precise,True,0,,other_travel,0.95,other_travel,12,"ALBUQUERQUE, NM",,"Start your year off with a change of scenery Stay safe on your journey ‌ ‌ ‌ ‌ ‌ ‌ ‌ ‌ ‌ ‌ ‌ ‌ ‌ ‌ ‌ ‌ ‌ ‌ ‌ ‌ ‌ ‌ ‌ ‌ ‌ ‌ ‌ ‌ ‌ ‌ ‌ ‌ ‌ ‌ ‌ ‌ ‌ ‌ ‌ ‌ ‌ ‌ ‌ ‌ ‌ ‌ ‌ ‌ ‌ ‌ ‌ ‌ Greyhound BOOK A TRIP ROAD REWARDS EXPLORE [code] Albuquerque, NM New Greyhound &zwnj; &zwnj; &zwnj; &zwnj; &zwnj; &zwnj; &zwnj; &zwnj; &zwnj; &zwnj; &zwnj; &zwnj; &zwnj; &zwnj; &zwnj; "
19d54ff5b4d7ebad,"Fri, 03 Apr 2026 13:47:30 -0600",MileagePlus Program <MileagePlus_Program@enews.united.com>,Check out your new Mile Play challenge,"incremental_precise,incremental_precise,initial_broad_recent,initial_broad_recent,initial_broad_recent",True,0,,other_travel,0.95,other_travel,12,,,"Check out your new Mile Play challenge Ready. Set. Earn 3000 bonus miles. View Online United MileagePlus MileagePlus # XXXXX111 Mileage balance 5475 United MileagePlus MileagePlus # XXXXX111 Mileage balance 5475 United MileagePlus United Airlines - United MileagePlus Ready. Set. Earn 3,000 bonus miles. [url] View Online [url] MileagePlus # XXXXX111 Mileage b"
178b739b8bbb19ed,"Fri, 09 Apr 2021 09:06:37 -0600",Greyhound <reply@em.greyhound.com>,🌸 Book Your Cherry Blossom Getaway Today,incremental_precise,True,0,,other_travel,0.95,other_travel,12,,,🌸 Book Your Cherry Blossom Getaway Today Taking care of our customers and employees is our #1 priority ‌ ‌ ‌ ‌ ‌ ‌ ‌ ‌ ‌ ‌ ‌ ‌ ‌ ‌ ‌ ‌ ‌ ‌ ‌ ‌ ‌ ‌ ‌ ‌ ‌ ‌ ‌ ‌ ‌ ‌ ‌ ‌ ‌ ‌ ‌ ‌ ‌ ‌ ‌ ‌ ‌ ‌ ‌ ‌ ‌ ‌ ‌ ‌ ‌ ‌ ‌ ‌ Greyhound BOOK A TRIP ROAD REWARDS Greyhound &zwnj; &zwnj; &zwnj; &zwnj; &zwnj; &zwnj; &zwnj; &zwnj; &zwnj; &zwnj; &zwnj; &zwnj; &zwnj; &zwnj; &zwnj; &zw
189e5894437f3634,"Fri, 11 Aug 2023 09:40:59 -0400",NASA Mars <no-reply-mars@jpl.nasa.gov>,NASA Mars Exploration Newsletter: August 2023,incremental_precise,True,0,,not_flight,0.99,other_travel,10,,,NASA Mars Exploration Newsletter: August 2023 Testing a rocket engine for Mars; Wobbly Mars spins faster; Try the &quot;Mars photobooth&quot; August 2023 Timelapse sequence shows rocket motor testing for NASA&#39;s Mars Ascent Vehicle. On the left NASA Mars Exploration at a Glance August 2023 [1]Timelapse sequence shows rocket motor testing for NASA’s Mars A
189e4d7b65b2efac,"Fri, 11 Aug 2023 13:44:48 +0000",Greyhound <noreply@booking.greyhound.com>,Booking Confirmation #3098526275,incremental_precise,True,0,,flight_confirmation,0.95,other_travel,10,,,"Booking Confirmation #3098526275 Your booking is confirmed Thank you for choosing to travel with us! Below is a quick summary of your upcoming trip(s): Booking Number 3098526275 You can use this QR code to check in for all trips below <html> <head> <link href=""[url] rel=""stylesheet"" type=""text/css""> <style data-styled=""true"" data-styled-version=""5.3.5"">.fqbT"
179fba7a0eb6865b,"Fri, 11 Jun 2021 09:07:02 -0600",Greyhound <reply@em.greyhound.com>,Get away next weekend to celebrate dad,incremental_precise,True,0,,other_travel,0.95,other_travel,12,,,Get away next weekend to celebrate dad Taking care of our customers and employees is our #1 priority ‌ ‌ ‌ ‌ ‌ ‌ ‌ ‌ ‌ ‌ ‌ ‌ ‌ ‌ ‌ ‌ ‌ ‌ ‌ ‌ ‌ ‌ ‌ ‌ ‌ ‌ ‌ ‌ ‌ ‌ ‌ ‌ ‌ ‌ ‌ ‌ ‌ ‌ ‌ ‌ ‌ ‌ ‌ ‌ ‌ ‌ ‌ ‌ ‌ ‌ ‌ ‌ Greyhound BOOK A TRIP ROAD REWARDS Greyhound &zwnj; &zwnj; &zwnj; &zwnj; &zwnj; &zwnj; &zwnj; &zwnj; &zwnj; &zwnj; &zwnj; &zwnj; &zwnj; &zwnj; &zwnj; &zwnj
182940982b5ef92f,"Fri, 12 Aug 2022 14:50:06 -0700",MileagePlus Program <MileagePlus@news.united.com>,Peek inside for your new Mile Play game,"incremental_precise,incremental_precise",True,0,,other_travel,0.95,other_travel,12,,,"Peek inside for your new Mile Play game Ready. Set. Earn 4200 bonus miles. View Online United MileagePlus MileagePlus # XXXXX111 Mileage balance 6470 United MileagePlus MileagePlus # XXXXX111 Mileage balance 6470 United MileagePlus <!DOCTYPE html [code] ""-//W3C//DTD XHTML 1.0 Transitional//EN"" ""[url] <html lang=""en"" xmlns=""[url] xmlns:o=""urn:schemas-microsof"
175c26955c18f508,"Fri, 13 Nov 2020 10:11:19 -0600",Greyhound <reply@em.greyhound.com>,Book a relaxing trip before the holidays,incremental_precise,True,0,,other_travel,0.95,other_travel,12,,,Book a relaxing trip before the holidays Get a little R&amp;R before the holiday rush – Book your getaway! ‌ ‌ ‌ ‌ ‌ ‌ ‌ ‌ ‌ ‌ ‌ ‌ ‌ ‌ ‌ ‌ ‌ ‌ ‌ ‌ ‌ ‌ ‌ ‌ ‌ ‌ ‌ ‌ ‌ ‌ ‌ ‌ ‌ ‌ ‌ ‌ ‌ ‌ ‌ ‌ ‌ ‌ ‌ ‌ ‌ ‌ ‌ ‌ ‌ ‌ ‌ ‌ Greyhound BOOK A TRIP ROAD Greyhound &zwnj; &zwnj; &zwnj; &zwnj; &zwnj; &zwnj; &zwnj; &zwnj; &zwnj; &zwnj; &zwnj; &zwnj; &zwnj; &zwnj; &zwnj; &zwnj; 
16b585e2bd1f5eff,"Fri, 14 Jun 2019 16:41:29 -0700",MileagePlus Program <MileagePlus@news.united.com>,Peek inside for your new Mile Play game,"incremental_precise,incremental_precise",True,0,,other_travel,0.95,other_travel,12,,,"Peek inside for your new Mile Play game Ready. Set. Earn 2500 bonus miles. To ensure delivery to your inbox, please add [email] to your address book. MileagePlus # XXXXX111 Mileage balance: 3765 As of June 14, 2019 Nathan <!doctype html> <html style=""opacity: 1;"" xmlns=""[url] xmlns:v=""urn:schemas-microsoft-com:vml""> <head> <meta charset=""UTF-8"" /> <meta cont"
198af5f89a8468a5,"Fri, 15 Aug 2025 14:15:25 -0600",MileagePlus Program <MileagePlus_Program@enews.united.com>,Check out your new Mile Play game,"incremental_precise,incremental_precise,initial_broad_recent,initial_broad_recent,initial_broad_recent",True,0,,other_travel,0.95,other_travel,12,,,"Check out your new Mile Play game Ready. Set. Earn 3100 bonus miles. United MileagePlus MileagePlus # XXXXX111 Mileage balance 5475 United MileagePlus MileagePlus # XXXXX111 Mileage balance 5475 United MileagePlus MileagePlus # United Airlines - United MileagePlus Ready. Set. Earn 3,100 bonus miles. [url] MileagePlus # XXXXX111 Mileage balance 5,475 [url] Mi"
18519d9b97cd99e3,"Fri, 16 Dec 2022 07:32:55 +0000 (UTC)",Ethiopian Airlines <PlusgradeNotification@ethiopianairlines.com>,Want Extra Space on your upcoming flight?,"incremental_precise,incremental_precise",True,0,,other_travel,0.95,other_travel,10,"NEW YORK,ADDIS ABABA","509,372","Want Extra Space on your upcoming flight? Enjoy more space and comfort by purchasing an extra seat View in browser airline logo Hero Image Dear [code] CHARLES, Enjoy extra space and comfort, travel with no one beside you Starting as low as <!DOCTYPE html [code] ""-//W3C//DTD XHTML 1.0 Strict//EN"" ""[url] <html xmlns=""[url] xmlns:v=""urn:schemas-microsoft-com:vm"
1947605b89998e30,"Fri, 17 Jan 2025 14:47:49 -0600",MileagePlus Program <MileagePlus_Program@enews.united.com>,Check out your new Mile Play game,"incremental_precise,incremental_precise,initial_broad_recent,initial_broad_recent,initial_broad_recent",True,0,,other_travel,0.95,other_travel,12,,,"Check out your new Mile Play game Ready. Set. Earn 4500 bonus miles. United MileagePlus MileagePlus # XXXXX111 Mileage balance 3970 United MileagePlus MileagePlus # XXXXX111 Mileage balance 3970 United MileagePlus MileagePlus # United Airlines - United MileagePlus Ready. Set. Earn 4,500 bonus miles. [url] MileagePlus # XXXXX111 Mileage balance 3,970 [url] Mi"
17f0e9eef12d39e7,"Fri, 18 Feb 2022 12:54:48 -0800",MileagePlus Program <MileagePlus@news.united.com>,Peek inside for your new Mile Play game,"incremental_precise,incremental_precise",True,0,,other_travel,0.95,other_travel,12,,,"Peek inside for your new Mile Play game Ready. Set. Earn 2800 bonus miles. View Online United MileagePlus MileagePlus # XXXXX111 Mileage balance 6470 United MileagePlus MileagePlus # XXXXX111 Mileage balance 6470 United MileagePlus <!DOCTYPE html [code] ""-//W3C//DTD XHTML 1.0 Transitional//EN"" ""[url] <html lang=""en"" xmlns=""[url] xmlns:o=""urn:schemas-microsof"
1978ed8cd19aae3e,"Fri, 20 Jun 2025 19:37:38 +0000",Spirit Airlines <deals@save.spirit-airlines.com>,Summer’s officially here! Celebrate with $55* fares.,"incremental_precise,initial_broad_recent,initial_broad_recent",True,0,,other_travel,0.95,other_travel,10,,,"Summer’s officially here! Celebrate with $55* fares. Real summer starts with a flight confirmation ͏‌ ͏‌ ͏‌ ͏‌ ͏‌ ͏‌ ͏‌ ͏‌ ͏‌ ͏‌ ͏‌ ͏‌ ͏‌ ͏‌ ͏‌ ͏‌ ͏‌ ͏‌ ͏‌ ͏‌ ͏‌ ͏‌ ͏‌ ͏‌ ͏‌ ͏‌ ͏‌ ͏‌ ͏‌ ͏‌ ͏‌ ͏‌ ͏‌ ͏‌ ͏‌ ͏‌ ͏‌ ͏‌ ͏‌ ͏‌ ͏‌ ͏‌ ͏‌ ͏‌ ͏‌ ͏‌ ͏‌ ͏‌ ͏‌ ͏‌ ͏‌ ͏‌ <!DOCTYPE html> <html lang=""en"" xmlns=""[url] xmlns:v=""urn:schemas-microsoft-com:vml"" xmlns:o=""urn:schemas"
14f52eba784d20c2,"Fri, 21 Aug 2015 21:00:18 -0400",nathanhennigh@gmail.com,Send Your Name on NASA's Mars Mission InSight,incremental_precise,True,0,,other_travel,0.95,other_travel,10,,,"Send Your Name on NASA's Mars Mission InSight I just sent my name to fly aboard NASA&#39;s Mars mission, InSight, scheduled for launch March 2016! I just sent my name to fly aboard NASA's Mars mission, InSight, scheduled for launch March 2016! The InSight lander will listen to the heartbeat of Mars to find out how the rocky planets formed. View my boarding p"
169a74466eaf72cd,"Fri, 22 Mar 2019 14:17:21 -0700","""MileagePlus Program​"" <MileagePlus@news.united.com>","Don't let up to 14,000 miles fly by","incremental_precise,incremental_precise",True,0,,other_travel,0.95,other_travel,12,,,"Don't let up to 14,000 miles fly by Mile Play is waiting. To ensure delivery to your inbox, please add [email] to your address book. View in Web browser MileagePlus # XXXXX111 Mileage balance: 2780 As of March 22, <!doctype html> <html xmlns=""[url] xmlns:v=""urn:schemas-microsoft-com:vml""> <head> <meta charset=""UTF-8""> <meta name=""viewport"" content=""width=dev"
16cc08a345fb1e18,"Fri, 23 Aug 2019 15:12:56 -0700",MileagePlus Program <MileagePlus@news.united.com>,Peek inside for your new Mile Play game,"incremental_precise,incremental_precise",True,0,,other_travel,0.95,other_travel,12,,,"Peek inside for your new Mile Play game Ready. Set. Earn 21000 bonus miles. To ensure delivery to your inbox, please add [email] to your address book. MileagePlus # XXXXX111 Mileage balance: 4335 Register now to earn with <!doctype html> <html style=""opacity: 1;"" xmlns=""[url] xmlns:v=""urn:schemas-microsoft-com:vml""> <head> <meta charset=""UTF-8"" /> <meta cont"
1708e235d556644e,"Fri, 28 Feb 2020 15:27:17 -0800",MileagePlus Program <MileagePlus@news.united.com>,Peek inside for your new Mile Play game,"incremental_precise,incremental_precise",True,0,,other_travel,0.95,other_travel,12,,,"Peek inside for your new Mile Play game Ready. Set. Earn 2500 bonus miles. To ensure delivery to your inbox, please add [email] to your address book. MileagePlus # XXXXX111 Mileage balance: 4335 Register now to earn with <!doctype html> <html style=""opacity: 1;"" xmlns=""[url] xmlns:v=""urn:schemas-microsoft-com:vml""> <head> <meta charset=""UTF-8"" /> <meta conte"
16b9fb8244db43d1,"Fri, 28 Jun 2019 13:12:50 -0700",MileagePlus Program <MileagePlus@news.united.com>,Don't forget about your new Mile Play game,"incremental_precise,incremental_precise",True,0,,other_travel,0.95,other_travel,12,,,"Don't forget about your new Mile Play game Ready. Set. Earn 2500 bonus miles. To ensure delivery to your inbox, please add [email] to your address book. MileagePlus # XXXXX111 Mileage balance: 3765 As of June 28, 2019 Nathan <!doctype html> <html style=""opacity: 1;"" xmlns=""[url] xmlns:v=""urn:schemas-microsoft-com:vml""> <head> <meta charset=""UTF-8"" /> <meta c"
16eb8c7de79a21e3,"Fri, 29 Nov 2019 12:08:04 -0800",MileagePlus Program <MileagePlus@news.united.com>,Don't forget about your new Mile Play game,"incremental_precise,incremental_precise",True,0,,other_travel,0.95,other_travel,12,,,"Don't forget about your new Mile Play game Ready. Set. Earn 7500 bonus miles. To ensure delivery to your inbox, please add [email] to your address book. MileagePlus # XXXXX111 Mileage balance: 4335 Register now to earn with <!doctype html> <html style=""opacity: 1;"" xmlns=""[url] xmlns:v=""urn:schemas-microsoft-com:vml""> <head> <meta charset=""UTF-8"" /> <meta co"
17ccd3434974173f,"Fri, 29 Oct 2021 10:58:09 -0700",MileagePlus Program <MileagePlus@news.united.com>,Peek inside for your new Mile Play game,"incremental_precise,incremental_precise",True,0,,other_travel,0.95,other_travel,12,,,"Peek inside for your new Mile Play game Ready. Set. Earn 6000 bonus miles. View Online United MileagePlus MileagePlus # XXXXX111 Mileage balance 6470 United MileagePlus MileagePlus # XXXXX111 Mileage balance 6470 United MileagePlus <!DOCTYPE html [code] ""-//W3C//DTD XHTML 1.0 Transitional//EN"" ""[url] <html lang=""en"" xmlns=""[url] xmlns:o=""urn:schemas-microsof"
1809d3d296cbd3f9,"Fri, 6 May 2022 23:37:40 -0700",MileagePlus Program <MileagePlus@news.united.com>,Peek inside for your new Mile Play game,"incremental_precise,incremental_precise",True,0,,other_travel,0.95,other_travel,12,,,"Peek inside for your new Mile Play game Ready. Set. Earn 2500 bonus miles. View Online United MileagePlus MileagePlus # SX710111 Mileage balance 6470 United MileagePlus MileagePlus # SX710111 Mileage balance 6470 United MileagePlus <!DOCTYPE html [code] ""-//W3C//DTD XHTML 1.0 Transitional//EN"" ""[url] <html lang=""en"" xmlns=""[url] xmlns:o=""urn:schemas-microsof"
1775e67a9d47d6d1,"Mon, 01 Feb 2021 10:09:39 -0600",Greyhound <reply@em.greyhound.com>,Discover a new ♥️ for travel,incremental_precise,True,0,,other_travel,0.95,other_travel,12,,,Discover a new ♥️ for travel Keeping you safe throughout your journey ‌ ‌ ‌ ‌ ‌ ‌ ‌ ‌ ‌ ‌ ‌ ‌ ‌ ‌ ‌ ‌ ‌ ‌ ‌ ‌ ‌ ‌ ‌ ‌ ‌ ‌ ‌ ‌ ‌ ‌ ‌ ‌ ‌ ‌ ‌ ‌ ‌ ‌ ‌ ‌ ‌ ‌ ‌ ‌ ‌ ‌ ‌ ‌ ‌ ‌ ‌ ‌ Greyhound BOOK A TRIP ROAD REWARDS EXPLORE [code] Greyhound &zwnj; &zwnj; &zwnj; &zwnj; &zwnj; &zwnj; &zwnj; &zwnj; &zwnj; &zwnj; &zwnj; &zwnj; &zwnj; &zwnj; &zwnj; &zwnj; &zwnj; &zwnj; 
177ee9c17c2950b7,"Mon, 01 Mar 2021 10:07:44 -0600",Greyhound <reply@em.greyhound.com>,You work hard now play hard,incremental_precise,True,0,,other_travel,0.95,other_travel,12,,,You work hard now play hard Keeping you safe throughout your journey ‌ ‌ ‌ ‌ ‌ ‌ ‌ ‌ ‌ ‌ ‌ ‌ ‌ ‌ ‌ ‌ ‌ ‌ ‌ ‌ ‌ ‌ ‌ ‌ ‌ ‌ ‌ ‌ ‌ ‌ ‌ ‌ ‌ ‌ ‌ ‌ ‌ ‌ ‌ ‌ ‌ ‌ ‌ ‌ ‌ ‌ ‌ ‌ ‌ ‌ ‌ ‌ Greyhound BOOK A TRIP ROAD REWARDS EXPLORE [code] Mill Greyhound &zwnj; &zwnj; &zwnj; &zwnj; &zwnj; &zwnj; &zwnj; &zwnj; &zwnj; &zwnj; &zwnj; &zwnj; &zwnj; &zwnj; &zwnj; &zwnj; &zwnj; &zw
196a09aa43feeaff,"Mon, 05 May 2025 13:20:10 +0000 (UTC)",EVA Air - EVABidDeal <EVABidDeal@pg.evaair.com>,Get Upgraded on your EVA Air flight!,"incremental_precise,incremental_precise,initial_broad_recent,initial_broad_recent,initial_broad_recent",True,0,,other_travel,0.95,other_travel,10,,,"Get Upgraded on your EVA Air flight! Bid for an upgrade‌ ‌ ‌ ‌ ‌ ‌ ‌ ‌ ‌ ‌ ‌ ‌ ‌ ‌ ‌ ‌ ‌ ‌ ‌ ‌ ‌ ‌ ‌ ‌ ‌ ‌ ‌ ‌ ‌ ‌ ‌ ‌ ‌ ‌ ‌ ‌ ‌ ‌ ‌ ‌ ‌ ‌ ‌ ‌ ‌ ‌ ‌ ‌ ‌ ‌ ‌ ‌ ‌ ‌ ‌ ‌ ‌ ‌ ‌ ‌ ‌ ‌ ‌ ‌ ‌ ‌ ‌ ‌ ‌ ‌ ‌ ‌ ‌ ‌ ‌ ‌ ‌ ‌ ‌ ‌ ‌ ‌ ‌‌ ‌ ‌ ‌ ‌ ‌ ‌ ‌ ‌ <!DOCTYPE html [code] ""-//W3C//DTD XHTML 1.0 Strict//EN"" ""[url] <html xmlns=""[url] xmlns:v=""urn:schemas-microsoft-com:vml"""
174f96248b288112,"Mon, 05 Oct 2020 09:13:04 -0600",Greyhound <reply@em.greyhound.com>,Book Now! Save More and Explore More,incremental_precise,True,0,,not_flight,0.99,other_travel,10,,,Book Now! Save More and Explore More Book now to get the best deals ‌ ‌ ‌ ‌ ‌ ‌ ‌ ‌ ‌ ‌ ‌ ‌ ‌ ‌ ‌ ‌ ‌ ‌ ‌ ‌ ‌ ‌ ‌ ‌ ‌ ‌ ‌ ‌ ‌ ‌ ‌ ‌ ‌ ‌ ‌ ‌ ‌ ‌ ‌ ‌ ‌ ‌ ‌ ‌ ‌ ‌ ‌ ‌ ‌ ‌ ‌ ‌ Greyhound BOOK A TRIP ROAD REWARDS EXPLORE [code] Ready to Get Out Greyhound &zwnj; &zwnj; &zwnj; &zwnj; &zwnj; &zwnj; &zwnj; &zwnj; &zwnj; &zwnj; &zwnj; &zwnj; &zwnj; &zwnj; &zwnj; &zwnj;
17782756c00c7da8,"Mon, 08 Feb 2021 10:07:06 -0600",Greyhound <reply@em.greyhound.com>,Book today for the lowest fares for President's Day weekend,incremental_precise,True,0,,not_flight,0.99,other_travel,12,,,Book today for the lowest fares for President's Day weekend Staying safe together ‌ ‌ ‌ ‌ ‌ ‌ ‌ ‌ ‌ ‌ ‌ ‌ ‌ ‌ ‌ ‌ ‌ ‌ ‌ ‌ ‌ ‌ ‌ ‌ ‌ ‌ ‌ ‌ ‌ ‌ ‌ ‌ ‌ ‌ ‌ ‌ ‌ ‌ ‌ ‌ ‌ ‌ ‌ ‌ ‌ ‌ ‌ ‌ ‌ ‌ ‌ ‌ Greyhound BOOK A TRIP ROAD REWARDS EXPLORE [code] Family playing with snow Greyhound &zwnj; &zwnj; &zwnj; &zwnj; &zwnj; &zwnj; &zwnj; &zwnj; &zwnj; &zwnj; &zwnj; &zwnj; &zwnj
175af6bf7c68862a,"Mon, 09 Nov 2020 17:42:56 -0600",Greyhound <reply@em.greyhound.com>,Thanksgiving plans?  The holidays may look a little different this year,incremental_precise,True,0,,other_travel,0.95,other_travel,12,,,Thanksgiving plans? The holidays may look a little different this year We&#39;re going the extra mile to keep you safe this holiday season ‌ ‌ ‌ ‌ ‌ ‌ ‌ ‌ ‌ ‌ ‌ ‌ ‌ ‌ ‌ ‌ ‌ ‌ ‌ ‌ ‌ ‌ ‌ ‌ ‌ ‌ ‌ ‌ ‌ ‌ ‌ ‌ ‌ ‌ ‌ ‌ ‌ ‌ ‌ ‌ ‌ ‌ ‌ ‌ ‌ ‌ ‌ ‌ ‌ ‌ ‌ ‌ Greyhound BOOK A TRIP ROAD Greyhound &zwnj; &zwnj; &zwnj; &zwnj; &zwnj; &zwnj; &zwnj; &zwnj; &zwnj; &zwnj; &zwnj; &zw
1989b1db3c2a5099,"Mon, 11 Aug 2025 21:51:10 +0000",Capital One <capitalone@message.capitalone.com>,Now open: The new Capital One Lounges at JFK and LAS,"incremental_precise,initial_broad_recent,initial_broad_recent",True,0,,other_travel,0.95,other_travel,10,"JFK,LAS",,Now open: The new Capital One Lounges at JFK and LAS Enrich your travel journey with new Lounges at JFK and LAS airports. ͏ ͏ ͏ ͏ ͏ ͏ ͏ ͏ ͏ ͏ ͏ ͏ ͏ ͏ ͏ ͏ ͏ ͏ ͏ ͏ ͏ ͏ ͏ ͏ ͏ ͏ ͏ ͏ ͏ ͏ ͏ ͏ ͏ ͏ ͏ ͏ ͏ ͏ ͏ ͏ ͏ ͏ ͏ ͏ ͏ ͏ ͏ ͏ ͏ ͏ ͏ ͏ ͏ ͏ ͏ ͏ ͏ ͏ ͏ ͏ ͏ ͏ ͏ ͏ ͏ ͏ Enrich your travel journey with new Lounges at JFK and LAS airports. -- [ [Sign in to your account] [Sign 
18e2dd0484c80e50,"Mon, 11 Mar 2024 14:00:08 +0000",Frontier Airlines <flights@emails.flyfrontier.com>,"Frontier Alert:  It’s Almost Time to Fly, Did You Forget Something?",incremental_precise,True,0,,other_travel,0.95,other_travel,12,,,"Frontier Alert: It’s Almost Time to Fly, Did You Forget Something? Are you ready to fly? ͏‌ ͏‌ ͏‌ ͏‌ ͏‌ ͏‌ ͏‌ ͏‌ ͏‌ ͏‌ ͏‌ ͏‌ ͏‌ ͏‌ ͏‌ ͏‌ ͏‌ ͏‌ ͏‌ ͏‌ ͏‌ ͏‌ ͏‌ ͏‌ ͏‌ ͏‌ ͏‌ ͏‌ ͏‌ ͏‌ ͏‌ ͏‌ ͏‌ ͏‌ ͏‌ ͏‌ ͏‌ ͏‌ ͏‌ ͏‌ ͏‌ ͏‌ ͏‌ ͏‌ ͏‌ ͏‌ ͏‌ ͏‌ ͏‌ ͏‌ ͏‌ ͏‌ ͏‌ ͏‌ ͏‌ ͏‌ ͏‌ ͏‌ ͏‌ ͏‌ <!DOCTYPE html [code] ""-//W3C//DTD XHTML 1.0 Transitional//EN"" ""[url] <html xmlns=""[url] xm"
19bb3f48ebe7f58c,"Mon, 12 Jan 2026 14:43:21 -0600",MileagePlus Program <MileagePlus_Program@enews.united.com>,Check out your new Mile Play game,"incremental_precise,incremental_precise,initial_broad_recent,initial_broad_recent,initial_broad_recent",True,0,,other_travel,0.95,other_travel,12,,,"Check out your new Mile Play game Ready. Set. Earn 4600 bonus miles. United MileagePlus MileagePlus # XXXXX111 Mileage balance 5475 United MileagePlus MileagePlus # XXXXX111 Mileage balance 5475 United MileagePlus MileagePlus # United Airlines - United MileagePlus Ready. Set. Earn 4,600 bonus miles. [url] MileagePlus # XXXXX111 Mileage balance 5,475 [url] Mi"
17836a30cb2fa035,"Mon, 15 Mar 2021 10:02:01 -0600",Greyhound <reply@em.greyhound.com>,It's a great time to explore the outdoors,incremental_precise,True,0,,other_travel,0.95,other_travel,12,"FT. WORTH, TX",,"It's a great time to explore the outdoors Stay safe on your journey ‌ ‌ ‌ ‌ ‌ ‌ ‌ ‌ ‌ ‌ ‌ ‌ ‌ ‌ ‌ ‌ ‌ ‌ ‌ ‌ ‌ ‌ ‌ ‌ ‌ ‌ ‌ ‌ ‌ ‌ ‌ ‌ ‌ ‌ ‌ ‌ ‌ ‌ ‌ ‌ ‌ ‌ ‌ ‌ ‌ ‌ ‌ ‌ ‌ ‌ ‌ ‌ Greyhound BOOK A TRIP ROAD REWARDS EXPLORE [code] Ft. Worth, TX Time Greyhound &zwnj; &zwnj; &zwnj; &zwnj; &zwnj; &zwnj; &zwnj; &zwnj; &zwnj; &zwnj; &zwnj; &zwnj; &zwnj; &zwnj; &zwnj; &zwn"
19cf8c717785df8b,"Mon, 16 Mar 2026 22:32:02 +0000",Capital One <capitalone@message.capitalone.com>,Now open: Capital One Landing at LGA,"incremental_precise,initial_broad_recent,initial_broad_recent",True,0,,other_travel,0.95,other_travel,10,LGA,,Now open: Capital One Landing at LGA Enjoy complimentary access to the newest Capital One Landing. ͏ ͏ ͏ ͏ ͏ ͏ ͏ ͏ ͏ ͏ ͏ ͏ ͏ ͏ ͏ ͏ ͏ ͏ ͏ ͏ ͏ ͏ ͏ ͏ ͏ ͏ ͏ ͏ ͏ ͏ ͏ ͏ ͏ ͏ ͏ ͏ ͏ ͏ ͏ ͏ ͏ ͏ ͏ ͏ ͏ ͏ ͏ ͏ ͏ ͏ ͏ ͏ ͏ ͏ ͏ ͏ ͏ ͏ ͏ ͏ ͏ ͏ ͏ ͏ ͏ ͏ ͏ ͏ ͏ ͏ Enjoy complimentary access to the newest Capital One Landing. -- [ [Sign in to your account] [Sign in to your account] ](
182117ffe452ee55,"Mon, 18 Jul 2022 06:29:36 -0700",Frontier Airlines <flights@emails.flyfrontier.com>,"Committed to You: Here’s what to expect on your upcoming flight, confirmation code NGD37X.","incremental_precise,incremental_precise",True,0,,other_travel,0.95,other_travel,6,,,"Committed to You: Here’s what to expect on your upcoming flight, confirmation code [code]. ‌ ‌ ‌ ‌ ‌ ‌ ‌ ‌ ‌ ‌ ‌ ‌ ‌ FRONTIER Low Fares Done Right Important Information about your trip For the best travel experience follow our easy travel guides Our travel information will help you have a <!DOCTYPE html [code] ""-//W3C//DTD XHTML 1.0 Transitional//EN"" ""[url] "
19bd88c3978823af,"Mon, 19 Jan 2026 17:12:33 -0600",MileagePlus Program <MileagePlus_Program@enews.united.com>,"Don't miss your shot at 4,600 bonus miles","incremental_precise,incremental_precise,initial_broad_recent,initial_broad_recent,initial_broad_recent",True,0,,other_travel,0.95,other_travel,12,,,"Don't miss your shot at 4,600 bonus miles Register for your Mile Play challenge to earn. View Online United MileagePlus MileagePlus # XXXXX111 Mileage balance 5475 United MileagePlus MileagePlus # XXXXX111 Mileage balance 5475 United United Airlines - United MileagePlus Register for your Mile Play challenge to earn. [url] View Online [url] MileagePlus # XXXX"
1768614b77a1d53d,"Mon, 21 Dec 2020 10:10:32 -0600",Greyhound <reply@em.greyhound.com>,Ready for your first winter getaway,incremental_precise,True,0,,other_travel,0.95,other_travel,12,,,Ready for your first winter getaway Keeping you safe throughout your journey ‌ ‌ ‌ ‌ ‌ ‌ ‌ ‌ ‌ ‌ ‌ ‌ ‌ ‌ ‌ ‌ ‌ ‌ ‌ ‌ ‌ ‌ ‌ ‌ ‌ ‌ ‌ ‌ ‌ ‌ ‌ ‌ ‌ ‌ ‌ ‌ ‌ ‌ ‌ ‌ ‌ ‌ ‌ ‌ ‌ ‌ ‌ ‌ ‌ ‌ ‌ ‌ Greyhound BOOK A TRIP ROAD REWARDS EXPLORE [code] Beach Greyhound &zwnj; &zwnj; &zwnj; &zwnj; &zwnj; &zwnj; &zwnj; &zwnj; &zwnj; &zwnj; &zwnj; &zwnj; &zwnj; &zwnj; &zwnj; &zwnj; &
16b8b2fd1929c92a,"Mon, 24 Jun 2019 13:31:08 -0700",United Airlines <UnitedAirlines@news.united.com>,Your guide to flying on the 4th of July holiday,"incremental_precise,incremental_precise",True,0,,other_travel,0.95,other_travel,10,,,"Your guide to flying on the 4th of July holiday Here are some helpful tips for your upcoming trip. To ensure delivery to your inbox, please add [email] to your address book. View in Web browser MileagePlus # XXXXX111 Mileage <!doctype html> <html style=""opacity: 1;"" xmlns=""[url] xmlns:v=""urn:schemas-microsoft-com:vml""> <head> <meta charset=""UTF-8"" /> <meta c"
1799ef91fc4659f4,"Mon, 24 May 2021 09:07:08 -0600",Greyhound <reply@em.greyhound.com>,Grab the lowest fares for Memorial Day Weekend,incremental_precise,True,0,,other_travel,0.95,other_travel,12,,,Grab the lowest fares for Memorial Day Weekend Taking care of our customers and employees is our #1 priority ‌ ‌ ‌ ‌ ‌ ‌ ‌ ‌ ‌ ‌ ‌ ‌ ‌ ‌ ‌ ‌ ‌ ‌ ‌ ‌ ‌ ‌ ‌ ‌ ‌ ‌ ‌ ‌ ‌ ‌ ‌ ‌ ‌ ‌ ‌ ‌ ‌ ‌ ‌ ‌ ‌ ‌ ‌ ‌ ‌ ‌ ‌ ‌ ‌ ‌ ‌ ‌ Greyhound BOOK A TRIP ROAD REWARDS Greyhound &zwnj; &zwnj; &zwnj; &zwnj; &zwnj; &zwnj; &zwnj; &zwnj; &zwnj; &zwnj; &zwnj; &zwnj; &zwnj; &zwnj; &zwn
19bfc97be4c79281,"Mon, 26 Jan 2026 17:15:57 -0600",MileagePlus Program <MileagePlus_Program@enews.united.com>,"Don't miss your shot at 4,600 bonus miles","incremental_precise,incremental_precise,initial_broad_recent,initial_broad_recent,initial_broad_recent",True,0,,other_travel,0.95,other_travel,12,,,"Don't miss your shot at 4,600 bonus miles Register for your Mile Play challenge to earn. View Online United MileagePlus MileagePlus # XXXXX111 Mileage balance 5475 United MileagePlus MileagePlus # XXXXX111 Mileage balance 5475 United United Airlines - United MileagePlus Register for your Mile Play challenge to earn. [url] View Online [url] MileagePlus # XXXX"
17f40de6cf7877a1,"Mon, 28 Feb 2022 07:06:32 -0800",Frontier Airlines <flights@emails.flyfrontier.com>,"Committed to You: Here’s what to expect on your upcoming flight, confirmation code A6RVTV.","incremental_precise,incremental_precise",True,0,,other_travel,0.95,other_travel,8,,,"Committed to You: Here’s what to expect on your upcoming flight, confirmation code [code]. ‌ ‌ ‌ ‌ ‌ ‌ ‌ ‌ ‌ ‌ ‌ ‌ ‌ FRONTIER Low Fares Done Right is your mask approved to fly? approved face coverings Customers and employees must wear a face covering over nose and mouth throughout the <!DOCTYPE html [code] ""-//W3C//DTD XHTML 1.0 Transitional//EN"" ""[url] <htm"
179288b19d851b2e,"Sat, 01 May 2021 09:06:58 -0600",Greyhound <reply@em.greyhound.com>,May is a great time to enjoy the outdoors.,incremental_precise,True,0,,other_travel,0.95,other_travel,12,,,May is a great time to enjoy the outdoors. Keeping you safe throughout your journey ‌ ‌ ‌ ‌ ‌ ‌ ‌ ‌ ‌ ‌ ‌ ‌ ‌ ‌ ‌ ‌ ‌ ‌ ‌ ‌ ‌ ‌ ‌ ‌ ‌ ‌ ‌ ‌ ‌ ‌ ‌ ‌ ‌ ‌ ‌ ‌ ‌ ‌ ‌ ‌ ‌ ‌ ‌ ‌ ‌ ‌ ‌ ‌ ‌ ‌ ‌ ‌ Greyhound BOOK A TRIP ROAD REWARDS EXPLORE [code] Greyhound &zwnj; &zwnj; &zwnj; &zwnj; &zwnj; &zwnj; &zwnj; &zwnj; &zwnj; &zwnj; &zwnj; &zwnj; &zwnj; &zwnj; &zwnj; &zwnj; 
175c7eeb2ab40ed5,"Sat, 14 Nov 2020 10:04:34 -0800",MileagePlus Statement <MyMileagePlus@news.united.com>,November monthly statement: COVID-19 exposure risk on board is almost zero,"incremental_precise,incremental_precise",True,0,,other_travel,0.95,other_travel,10,,,"November monthly statement: COVID-19 exposure risk on board is almost zero View Online United MileagePlus MileagePlus # XXXXX111 Mileage balance 4335 United MileagePlus MileagePlus # XXXXX111 Mileage balance 4335 United MileagePlus MileagePlus # XXXXX111 Mileage balance 4335 <!DOCTYPE html [code] ""-//W3C//DTD XHTML 1.0 Transitional//EN"" ""[url] <html lang=""en"
169866b2991adc7d,"Sat, 16 Mar 2019 05:08:35 -0700",MileagePlus Statement <MyMileagePlus@news.united.com>,Your monthly statement: Enter for a chance to paint a United airplane,"incremental_precise,incremental_precise",True,0,,other_travel,0.95,other_travel,12,,,"Your monthly statement: Enter for a chance to paint a United airplane To ensure delivery to your inbox, please add [email] to your address book. View in Web browser It&amp;rsquo;s time for her art to take flight It&#39;s time for her art to take <!DOCTYPE html><html><head><meta charset=""UTF-8""><meta name=""viewport"" content=""width=device-width, initial-scale="
1964cb01017b89eb,"Sat, 19 Apr 2025 06:15:28 +0000 (UTC)",EVA Air - EVABidDeal <EVABidDeal@pg.evaair.com>,Get an upgrade on EVA Air flights,"incremental_precise,incremental_precise,initial_broad_recent,initial_broad_recent,initial_broad_recent",True,0,,other_travel,0.95,other_travel,10,"IAH,TPE","51,52","Get an upgrade on EVA Air flights Bid for an upgrade‌ ‌ ‌ ‌ ‌ ‌ ‌ ‌ ‌ ‌ ‌ ‌ ‌ ‌ ‌ ‌ ‌ ‌ ‌ ‌ ‌ ‌ ‌ ‌ ‌ ‌ ‌ ‌ ‌ ‌ ‌ ‌ ‌ ‌ ‌ ‌ ‌ ‌ ‌ ‌ ‌ ‌ ‌ ‌ ‌ ‌ ‌ ‌ ‌ ‌ ‌ ‌ ‌ ‌ ‌ ‌ ‌ ‌ ‌ ‌ ‌ ‌ ‌ ‌ ‌ ‌ ‌ ‌ ‌ ‌ ‌ ‌ ‌ ‌ ‌ ‌ ‌ ‌ ‌ ‌ ‌ ‌ ‌‌ ‌ ‌ ‌ ‌ ‌ ‌ ‌ ‌ <!DOCTYPE html [code] ""-//W3C//DTD XHTML 1.0 Strict//EN"" ""[url] <html xmlns=""[url] xmlns:v=""urn:schemas-microsoft-com:vml"" xm"
1767d3ca832f7bfb,"Sat, 19 Dec 2020 15:00:52 -0800",Spirit Airlines <ExecutiveCommunications@fly.spirit-airlines.com>,"A Holiday Message From Spirit CEO, Ted Christie","incremental_precise,incremental_precise",True,0,,other_travel,0.95,other_travel,10,,,"A Holiday Message From Spirit CEO, Ted Christie Trouble Viewing this email? Try this VIEW spirit Dear Guest, This holiday season, it&#39;s hard to believe how many of our traditions have been altered by this pandemic. In past years, Thanksgiving was <!DOCTYPE html [code] ""-//W3C//DTD XHTML 1.0 Transitional//EN"" ""[url] <html style=""opacity: 1;"" xmlns=""[url] x"
1785037522a316cb,"Sat, 20 Mar 2021 09:06:40 -0600",Greyhound <reply@em.greyhound.com>,7 destinations you must visit this season,incremental_precise,True,0,,other_travel,0.95,other_travel,12,,,7 destinations you must visit this season Your safety is our top priority ‌ ‌ ‌ ‌ ‌ ‌ ‌ ‌ ‌ ‌ ‌ ‌ ‌ ‌ ‌ ‌ ‌ ‌ ‌ ‌ ‌ ‌ ‌ ‌ ‌ ‌ ‌ ‌ ‌ ‌ ‌ ‌ ‌ ‌ ‌ ‌ ‌ ‌ ‌ ‌ ‌ ‌ ‌ ‌ ‌ ‌ ‌ ‌ ‌ ‌ ‌ ‌ Greyhound BOOK A TRIP ROAD REWARDS EXPLORE [code] Magnolia Greyhound &zwnj; &zwnj; &zwnj; &zwnj; &zwnj; &zwnj; &zwnj; &zwnj; &zwnj; &zwnj; &zwnj; &zwnj; &zwnj; &zwnj; &zwnj; &zwnj; &
16af139f31d2acaa,"Sat, 25 May 2019 19:01:06 -0400 (EDT)",Airfarewatchdog Insider <farealert@lists.airfarewatchdog.com>,The 2 Cheapest Days of the Week to Fly,incremental_precise,True,0,,other_travel,0.95,other_travel,8,,,"The 2 Cheapest Days of the Week to Fly Memorial Day Sale: Worldwide Flights from $470+ R/T | 7 Countries Where Cash is Still King | Update Preferences airfarewatchdog FLIGHTS [code] BLOG The 2 Cheapest Days of the Week to Fly The 2 Cheapest <!DOCTYPE html [code] ""-//W3C//DTD XHTML 1.0 Transitional//EN"" ""[url] xmlns=""[url] xmlns:v=""urn:schemas-microsoft-com:v"
1769fd68f566ff76,"Sat, 26 Dec 2020 10:10:42 -0600",Greyhound <reply@em.greyhound.com>,Ring in 2021 with the ones you love,incremental_precise,True,0,,other_travel,0.95,other_travel,12,,,Ring in 2021 with the ones you love Keeping you safe throughout your journey ‌ ‌ ‌ ‌ ‌ ‌ ‌ ‌ ‌ ‌ ‌ ‌ ‌ ‌ ‌ ‌ ‌ ‌ ‌ ‌ ‌ ‌ ‌ ‌ ‌ ‌ ‌ ‌ ‌ ‌ ‌ ‌ ‌ ‌ ‌ ‌ ‌ ‌ ‌ ‌ ‌ ‌ ‌ ‌ ‌ ‌ ‌ ‌ ‌ ‌ ‌ ‌ Greyhound BOOK A TRIP ROAD REWARDS EXPLORE [code] Young Greyhound &zwnj; &zwnj; &zwnj; &zwnj; &zwnj; &zwnj; &zwnj; &zwnj; &zwnj; &zwnj; &zwnj; &zwnj; &zwnj; &zwnj; &zwnj; &zwnj; &
1792da82f3c940cc,"Sun, 02 May 2021 09:06:34 -0600",Greyhound <reply@em.greyhound.com>,Get away next weekend to celebrate mom,incremental_precise,True,0,,other_travel,0.95,other_travel,12,,,Get away next weekend to celebrate mom Taking care of our customers and employees is our #1 priority ‌ ‌ ‌ ‌ ‌ ‌ ‌ ‌ ‌ ‌ ‌ ‌ ‌ ‌ ‌ ‌ ‌ ‌ ‌ ‌ ‌ ‌ ‌ ‌ ‌ ‌ ‌ ‌ ‌ ‌ ‌ ‌ ‌ ‌ ‌ ‌ ‌ ‌ ‌ ‌ ‌ ‌ ‌ ‌ ‌ ‌ ‌ ‌ ‌ ‌ ‌ ‌ Greyhound BOOK A TRIP ROAD REWARDS Greyhound &zwnj; &zwnj; &zwnj; &zwnj; &zwnj; &zwnj; &zwnj; &zwnj; &zwnj; &zwnj; &zwnj; &zwnj; &zwnj; &zwnj; &zwnj; &zwnj
17638d6d7ca36e49,"Sun, 06 Dec 2020 10:10:50 -0600",Greyhound <reply@em.greyhound.com>,Holiday plans this year?,incremental_precise,True,0,,other_travel,0.95,other_travel,12,,,Holiday plans this year? Keeping you safe throughout your journey ‌ ‌ ‌ ‌ ‌ ‌ ‌ ‌ ‌ ‌ ‌ ‌ ‌ ‌ ‌ ‌ ‌ ‌ ‌ ‌ ‌ ‌ ‌ ‌ ‌ ‌ ‌ ‌ ‌ ‌ ‌ ‌ ‌ ‌ ‌ ‌ ‌ ‌ ‌ ‌ ‌ ‌ ‌ ‌ ‌ ‌ ‌ ‌ ‌ ‌ ‌ ‌ Greyhound BOOK A TRIP ROAD REWARDS EXPLORE [code] Family Greyhound &zwnj; &zwnj; &zwnj; &zwnj; &zwnj; &zwnj; &zwnj; &zwnj; &zwnj; &zwnj; &zwnj; &zwnj; &zwnj; &zwnj; &zwnj; &zwnj; &zwnj; &zwn
193180264a0808e7,"Sun, 10 Nov 2024 15:37:08 -0600",MileagePlus Program <MileagePlus_Program@enews.united.com>,Your Washington D.C. trip: Have you booked your hotel?,"incremental_precise,incremental_precise,initial_broad_recent,initial_broad_recent,initial_broad_recent",True,0,,other_travel,0.95,other_travel,12,"IAH,DCA",,Your Washington D.C. trip: Have you booked your hotel? Fly with United. Stay with Marriott Bonvoy. Enjoy more. View Online United MileagePlus MileagePlus # XXXXX111 Mileage balance 930 United MileagePlus MileagePlus # XXXXX111 Mileage balance 930 United United Airlines - United MileagePlus Fly with United. Stay with Marriott Bonvoy. Enjoy more. [url] View On
178c180b0166654f,"Sun, 11 Apr 2021 09:07:31 -0600",Greyhound <reply@em.greyhound.com>,Treat yourself - You worked hard and deserve a vacay,incremental_precise,True,0,,other_travel,0.95,other_travel,12,,,Treat yourself - You worked hard and deserve a vacay Staying safe together ‌ ‌ ‌ ‌ ‌ ‌ ‌ ‌ ‌ ‌ ‌ ‌ ‌ ‌ ‌ ‌ ‌ ‌ ‌ ‌ ‌ ‌ ‌ ‌ ‌ ‌ ‌ ‌ ‌ ‌ ‌ ‌ ‌ ‌ ‌ ‌ ‌ ‌ ‌ ‌ ‌ ‌ ‌ ‌ ‌ ‌ ‌ ‌ ‌ ‌ ‌ ‌ Greyhound BOOK A TRIP ROAD REWARDS EXPLORE [code] Spring Break Destinations Greyhound &zwnj; &zwnj; &zwnj; &zwnj; &zwnj; &zwnj; &zwnj; &zwnj; &zwnj; &zwnj; &zwnj; &zwnj; &zwnj; &zwn
1765ce9085c0147d,"Sun, 13 Dec 2020 10:12:00 -0600",Greyhound <reply@em.greyhound.com>,Limited time special offer,"incremental_precise,incremental_precise",True,0,,other_travel,0.95,other_travel,10,,,Limited time special offer Keeping you safe throughout your journey ‌ ‌ ‌ ‌ ‌ ‌ ‌ ‌ ‌ ‌ ‌ ‌ ‌ ‌ ‌ ‌ ‌ ‌ ‌ ‌ ‌ ‌ ‌ ‌ ‌ ‌ ‌ ‌ ‌ ‌ ‌ ‌ ‌ ‌ ‌ ‌ ‌ ‌ ‌ ‌ ‌ ‌ ‌ ‌ ‌ ‌ ‌ ‌ ‌ ‌ ‌ ‌ Greyhound BUS TRACKER [code] YOUR TRIP FIND A BUS STOP Greyhound &zwnj; &zwnj; &zwnj; &zwnj; &zwnj; &zwnj; &zwnj; &zwnj; &zwnj; &zwnj; &zwnj; &zwnj; &zwnj; &zwnj; &zwnj; &zwnj; &zwnj; &zwn
1959f42a585d2832,"Sun, 16 Mar 2025 14:01:37 +0000 (UTC)",The Points Guy <tpg@thepointsguy.com>,"✈ Top Stories of the Week, Best Hotel Pools in Las Vegas & More Daily News From TPG ✈","incremental_precise,incremental_precise,initial_broad_recent,initial_broad_recent,initial_broad_recent",True,0,,other_travel,0.95,other_travel,10,,,"✈ Top Stories of the Week, Best Hotel Pools in Las Vegas & More Daily News From TPG ✈ Also: The best credit card welcome bonuses of March 2025 March 16, 2025 THE [code] GUY View in browser TPG Daily NEWSLETTER THE [code] GUY Top stories of the week by Ben Smithson, Senior Writer Hope THE [code] GUY Also: The best credit card welcome bonuses of March 2025 Mar"
17680ee122cacf6b,"Sun, 20 Dec 2020 10:11:27 -0600",Greyhound <reply@em.greyhound.com>,There's still time to go home for the holidays,incremental_precise,True,0,,other_travel,0.95,other_travel,12,,,There's still time to go home for the holidays Keeping you safe on your journey home ‌ ‌ ‌ ‌ ‌ ‌ ‌ ‌ ‌ ‌ ‌ ‌ ‌ ‌ ‌ ‌ ‌ ‌ ‌ ‌ ‌ ‌ ‌ ‌ ‌ ‌ ‌ ‌ ‌ ‌ ‌ ‌ ‌ ‌ ‌ ‌ ‌ ‌ ‌ ‌ ‌ ‌ ‌ ‌ ‌ ‌ ‌ ‌ ‌ ‌ ‌ ‌ Greyhound BOOK A TRIP ROAD REWARDS EXPLORE [code] Family Greyhound &zwnj; &zwnj; &zwnj; &zwnj; &zwnj; &zwnj; &zwnj; &zwnj; &zwnj; &zwnj; &zwnj; &zwnj; &zwnj; &zwnj; &zwnj;
17a2a6f518a82286,"Sun, 20 Jun 2021 11:15:10 -0600",Greyhound <reply@em.greyhound.com>,7 destinations you must visit this Summer,incremental_precise,True,0,,other_travel,0.95,other_travel,12,,,7 destinations you must visit this Summer Your safety is our top priority ‌ ‌ ‌ ‌ ‌ ‌ ‌ ‌ ‌ ‌ ‌ ‌ ‌ ‌ ‌ ‌ ‌ ‌ ‌ ‌ ‌ ‌ ‌ ‌ ‌ ‌ ‌ ‌ ‌ ‌ ‌ ‌ ‌ ‌ ‌ ‌ ‌ ‌ ‌ ‌ ‌ ‌ ‌ ‌ ‌ ‌ ‌ ‌ ‌ ‌ ‌ ‌ Greyhound BOOK A TRIP ROAD REWARDS EXPLORE [code] First Day of Greyhound &zwnj; &zwnj; &zwnj; &zwnj; &zwnj; &zwnj; &zwnj; &zwnj; &zwnj; &zwnj; &zwnj; &zwnj; &zwnj; &zwnj; &zwnj; &zwn
180eca757687b7be,"Sun, 22 May 2022 16:43:49 +0000 (UTC)",American Airlines <no-reply@info.email.aa.com>,Action required - Your trip to Spain,"incremental_precise,incremental_precise",True,0,,other_travel,0.95,other_travel,12,MIA,,"Action required - Your trip to Spain Travel smart and know the rules [[url] Spain travel requirements Record locator: [code] Your trip departing from Miami (MIA) to Spain on May <!DOCTYPE html [code] ""-//W3C//DTD HTML 4.01 Transitional//EN"" ""[url] <html> <head> <meta http-equiv=""Content-Type"" content=""text/html; charset=iso-8859-1""> <title>American Airlines<"
1854832970814524,"Sun, 25 Dec 2022 07:32:31 +0000 (UTC)",Ethiopian Airlines <PlusgradeNotification@ethiopianairlines.com>,Want Extra Space on your upcoming flight?,"incremental_precise,incremental_precise",True,0,,other_travel,0.95,other_travel,10,"HGA,ADD","375,500","Want Extra Space on your upcoming flight? Enjoy more space and comfort by purchasing an extra seat View in browser airline logo Hero Image Dear [code] CHARLES, Enjoy extra space and comfort, travel with no one beside you Starting as low as $40 <!DOCTYPE html [code] ""-//W3C//DTD XHTML 1.0 Strict//EN"" ""[url] <html xmlns=""[url] xmlns:v=""urn:schemas-microsoft-co"
1854a5611e686255,"Sun, 25 Dec 2022 17:30:32 +0000 (UTC)",United Airlines <notifications@united.com>,Ensure smooth travel to New York/Newark with pre-trip validation of travel documents,"incremental_precise,incremental_precise",True,0,,other_travel,0.95,other_travel,10,"NEW YORK,NEWARK",,"Ensure smooth travel to New York/Newark with pre-trip validation of travel documents United Airlines Ensure smooth travel to New York/Newark with pre-trip validation of travel documents To speed up your airport experience and make your upcoming travel to New York/Newark as smooth as <html><head> <meta content=""text/html; charset=UTF-8"" http-equiv=""Content-Ty"
1788d9c628f1dfb0,"Thu, 01 Apr 2021 07:06:42 -0600",Greyhound <reply@em.greyhound.com>,Enjoy spring in...,incremental_precise,True,0,,other_travel,0.95,other_travel,12,,,Enjoy spring in... Keeping you safe throughout your journey ‌ ‌ ‌ ‌ ‌ ‌ ‌ ‌ ‌ ‌ ‌ ‌ ‌ ‌ ‌ ‌ ‌ ‌ ‌ ‌ ‌ ‌ ‌ ‌ ‌ ‌ ‌ ‌ ‌ ‌ ‌ ‌ ‌ ‌ ‌ ‌ ‌ ‌ ‌ ‌ ‌ ‌ ‌ ‌ ‌ ‌ ‌ ‌ ‌ ‌ ‌ ‌ Greyhound BOOK A TRIP ROAD REWARDS EXPLORE [code] US Greyhound &zwnj; &zwnj; &zwnj; &zwnj; &zwnj; &zwnj; &zwnj; &zwnj; &zwnj; &zwnj; &zwnj; &zwnj; &zwnj; &zwnj; &zwnj; &zwnj; &zwnj; &zwnj; &zwnj; 
18269dbd7549b7cf,"Thu, 04 Aug 2022 11:10:44 -0400",NASA Mars <no-reply-mars@jpl.nasa.gov>,NASA Mars Exploration Newsletter: August 2022,incremental_precise,True,0,,other_travel,0.95,other_travel,10,,,"NASA Mars Exploration Newsletter: August 2022 August 2022 Illustration of latest concept for a future Mars Sample Return, showing the Mars surface and sky, plus a lander, launch vehicle, orbiter, the Perseverance rover, and a helicopter. How NASA NASA Mars Exploration at a Glance August 2022 [1]Illustration of latest concept for a future Mars Sample Return, "
177fe0db313719df,"Thu, 04 Mar 2021 10:07:18 -0600",Greyhound <reply@em.greyhound.com>,Your spring trip awaits,incremental_precise,True,0,,not_flight,0.95,other_travel,12,,,Your spring trip awaits Staying safe together ‌ ‌ ‌ ‌ ‌ ‌ ‌ ‌ ‌ ‌ ‌ ‌ ‌ ‌ ‌ ‌ ‌ ‌ ‌ ‌ ‌ ‌ ‌ ‌ ‌ ‌ ‌ ‌ ‌ ‌ ‌ ‌ ‌ ‌ ‌ ‌ ‌ ‌ ‌ ‌ ‌ ‌ ‌ ‌ ‌ ‌ ‌ ‌ ‌ ‌ ‌ ‌ Greyhound BOOK A TRIP ROAD REWARDS EXPLORE [code] Woman Taking Selfie Greyhound &zwnj; &zwnj; &zwnj; &zwnj; &zwnj; &zwnj; &zwnj; &zwnj; &zwnj; &zwnj; &zwnj; &zwnj; &zwnj; &zwnj; &zwnj; &zwnj; &zwnj; &zwnj; &zwn
19398c150af41293,"Thu, 05 Dec 2024 15:37:04 -0600",MileagePlus Program <MileagePlus_Program@enews.united.com>,Earn miles and save on your car rental for your Washington D.C. trip,"incremental_precise,incremental_precise,initial_broad_recent,initial_broad_recent,initial_broad_recent",True,0,,other_travel,0.95,other_travel,12,"IAH,DCA",,Earn miles and save on your car rental for your Washington D.C. trip Get special rates and earn miles when you rent with Avis and Budget. View Online United MileagePlus MileagePlus # XXXXX111 Mileage balance 1815 United MileagePlus MileagePlus # XXXXX111 Mileage balance United Airlines - United MileagePlus Get special rates and earn miles when you rent with 
181498b6e5098a49,"Thu, 09 Jun 2022 10:51:41 -0400",NASA Mars <no-reply-mars@jpl.nasa.gov>,NASA Mars Exploration Newsletter: June 2022,incremental_precise,True,0,,other_travel,0.95,other_travel,10,,,NASA Mars Exploration Newsletter: June 2022 June 2022﻿ Gif of dust devils swirling across Jezero Crater on Mars. Perseverance Studies Wild Winds of Jezero Crater The rover has witnessed hundreds of dust devils and even captured video of wind NASA Mars Exploration at a Glance June 2022﻿ [1]Gif of dust devils swirling across Jezero Crater on Mars. [2]Persevera
1958fcfa863d5353,"Thu, 13 Mar 2025 14:01:43 +0000 (UTC)",The Points Guy <tpg@thepointsguy.com>,"✈ Beware of This Little-Known Lounge Entry Fee, All About Airline Stopovers & More Daily News From TPG ✈","incremental_precise,incremental_precise,initial_broad_recent,initial_broad_recent,initial_broad_recent",True,0,,other_travel,0.95,other_travel,10,SFO,,"✈ Beware of This Little-Known Lounge Entry Fee, All About Airline Stopovers & More Daily News From TPG ✈ Also: This card gives you up to $1000 in travel March 13, 2025 THE [code] GUY View in browser TPG Daily Newsletter Together With Partner Logo THE [code] GUY Together With Partner Logo Paying extra to THE [code] GUY Also: This card gives you up to $1,000 i"
179668d9d3369ec6,"Thu, 13 May 2021 10:19:26 -0600",Greyhound <reply@em.greyhound.com>,Your spring getaway awaits!,incremental_precise,True,0,,not_flight,0.95,other_travel,12,,,Your spring getaway awaits! Keeping you safe throughout your journey ‌ ‌ ‌ ‌ ‌ ‌ ‌ ‌ ‌ ‌ ‌ ‌ ‌ ‌ ‌ ‌ ‌ ‌ ‌ ‌ ‌ ‌ ‌ ‌ ‌ ‌ ‌ ‌ ‌ ‌ ‌ ‌ ‌ ‌ ‌ ‌ ‌ ‌ ‌ ‌ ‌ ‌ ‌ ‌ ‌ ‌ ‌ ‌ ‌ ‌ ‌ ‌ Greyhound BOOK A TRIP ROAD REWARDS EXPLORE [code] New Greyhound &zwnj; &zwnj; &zwnj; &zwnj; &zwnj; &zwnj; &zwnj; &zwnj; &zwnj; &zwnj; &zwnj; &zwnj; &zwnj; &zwnj; &zwnj; &zwnj; &zwnj; &zwn
16e6b3f77a0872ab,"Thu, 14 Nov 2019 10:48:51 -0800",MileagePlus Program <MileagePlus@news.united.com>,Peek inside for your new Mile Play game,"incremental_precise,incremental_precise",True,0,,other_travel,0.95,other_travel,12,,,"Peek inside for your new Mile Play game Ready. Set. Earn 7500 bonus miles. To ensure delivery to your inbox, please add [email] to your address book. MileagePlus # XXXXX111 Mileage balance: 4335 Register now to earn with <!doctype html> <html style=""opacity: 1;"" xmlns=""[url] xmlns:v=""urn:schemas-microsoft-com:vml""> <head> <meta charset=""UTF-8"" /> <meta conte"
178d623f12a8cf5f,"Thu, 15 Apr 2021 09:06:27 -0600",Greyhound <reply@em.greyhound.com>,The weekend is near! Ready to explore?,incremental_precise,True,0,,other_travel,0.95,other_travel,12,,,The weekend is near! Ready to explore? Keeping you safe throughout your journey ‌ ‌ ‌ ‌ ‌ ‌ ‌ ‌ ‌ ‌ ‌ ‌ ‌ ‌ ‌ ‌ ‌ ‌ ‌ ‌ ‌ ‌ ‌ ‌ ‌ ‌ ‌ ‌ ‌ ‌ ‌ ‌ ‌ ‌ ‌ ‌ ‌ ‌ ‌ ‌ ‌ ‌ ‌ ‌ ‌ ‌ ‌ ‌ ‌ ‌ ‌ ‌ Greyhound BOOK A TRIP ROAD REWARDS EXPLORE [code] Greyhound &zwnj; &zwnj; &zwnj; &zwnj; &zwnj; &zwnj; &zwnj; &zwnj; &zwnj; &zwnj; &zwnj; &zwnj; &zwnj; &zwnj; &zwnj; &zwnj; &zwn
18516c6dcf754db1,"Thu, 15 Dec 2022 17:13:28 +0000 (UTC)",Ethiopian Airlines <PlusgradeNotification@ethiopianairlines.com>,Want Extra Space on your upcoming flight?,"incremental_precise,incremental_precise",True,0,,other_travel,0.95,other_travel,10,"NEW YORK,ADDIS ABABA","509,372","Want Extra Space on your upcoming flight? Enjoy more space and comfort by purchasing an extra seat View in browser airline logo Hero Image Dear [code] CHARLES, Enjoy extra space and comfort, travel with no one beside you Starting as low as <!DOCTYPE html [code] ""-//W3C//DTD XHTML 1.0 Strict//EN"" ""[url] <html xmlns=""[url] xmlns:v=""urn:schemas-microsoft-com:vm"
1752d6a1e929499c,"Thu, 15 Oct 2020 11:51:31 -0600",Greyhound <reply@em.greyhound.com>,Explore a new city before fall is over,incremental_precise,True,0,,other_travel,0.95,other_travel,10,"CHARLESTON, WV",,"Explore a new city before fall is over Travel is calling your name ‌ ‌ ‌ ‌ ‌ ‌ ‌ ‌ ‌ ‌ ‌ ‌ ‌ ‌ ‌ ‌ ‌ ‌ ‌ ‌ ‌ ‌ ‌ ‌ ‌ ‌ ‌ ‌ ‌ ‌ ‌ ‌ ‌ ‌ ‌ ‌ ‌ ‌ ‌ ‌ ‌ ‌ ‌ ‌ ‌ ‌ ‌ ‌ ‌ ‌ ‌ ‌ Greyhound BOOK A TRIP ROAD REWARDS EXPLORE [code] Charleston, WV Greyhound &zwnj; &zwnj; &zwnj; &zwnj; &zwnj; &zwnj; &zwnj; &zwnj; &zwnj; &zwnj; &zwnj; &zwnj; &zwnj; &zwnj; &zwnj; &zwnj; &z"
199ef9d62f248d59,"Thu, 16 Oct 2025 18:41:31 -0600",MileagePlus Program <MileagePlus_Program@enews.united.com>,Check out your new Mile Play game,"incremental_precise,incremental_precise,initial_broad_recent,initial_broad_recent,initial_broad_recent",True,0,,other_travel,0.95,other_travel,12,,,"Check out your new Mile Play game Ready. Set. Earn 3200 bonus miles. United MileagePlus MileagePlus # XXXXX111 Mileage balance 5475 United MileagePlus MileagePlus # XXXXX111 Mileage balance 5475 United MileagePlus MileagePlus # United Airlines - United MileagePlus Ready. Set. Earn 3,200 bonus miles. [url] MileagePlus # XXXXX111 Mileage balance 5,475 [url] Mi"
198cf65a2991f77e,"Thu, 21 Aug 2025 19:29:56 -0600",MileagePlus Program <MileagePlus_Program@enews.united.com>,Don't forget to register for Mile Play,"incremental_precise,incremental_precise,initial_broad_recent,initial_broad_recent,initial_broad_recent",True,0,,other_travel,0.95,other_travel,12,,,"Don't forget to register for Mile Play Ready. Set. Earn 3100 bonus miles. United MileagePlus MileagePlus # XXXXX111 Mileage balance 5475 United MileagePlus MileagePlus # XXXXX111 Mileage balance 5475 United MileagePlus MileagePlus # United Airlines - United MileagePlus Ready. Set. Earn 3,100 bonus miles. [url] MileagePlus # XXXXX111 Mileage balance 5,475 [ur"
1966a332982047b7,"Thu, 24 Apr 2025 23:47:39 +0000 (UTC)",ZoneUp by AirAsia <zoneup@notifications.airasia.com>,AirAsia flight to Caticlan – What to expect,"incremental_precise,incremental_precise,initial_broad_recent,initial_broad_recent,initial_broad_recent",True,0,,other_travel,0.95,other_travel,10,CATICLAN,,"AirAsia flight to Caticlan – What to expect Upgrade today to fly AirAsia with more comfort! View in browser English 简体中文 繁體中文 ภาษาไทย Bahasa Indonesia 한국어 日本語 airline logo Dear Guests, Always dreamed of getting an upgrade? Make it happen with <!DOCTYPE html [code] ""-//W3C//DTD XHTML 1.0 Strict//EN"" ""[url] <html xmlns=""[url] xmlns:v=""urn:schemas-microsoft-com"
1983d8b8578f972a,"Thu, 24 Jul 2025 11:46:42 -0600",Chase Card Services <no_reply@mcmap.chase.com>,"Nathan, get ready to explore your new card benefits.","incremental_precise,incremental_precise,initial_broad_recent,initial_broad_recent,initial_broad_recent",True,0,,other_travel,0.95,other_travel,8,,,"Nathan, get ready to explore your new card benefits. Check out the updated perks of your Southwest Rapid Rewards ® Plus Credit Card. Nathan, Southwest ® is launching a reimagined customer experience. That means you can expect improvements inflight, Nathan, get ready to explore your new card benefits.Check out the updated perks of your Southwest Rapid Rewards"
1786ad189742e4e1,"Thu, 25 Mar 2021 13:13:25 -0600",Greyhound <reply@em.greyhound.com>,Low fares still available for Easter weekend!,incremental_precise,True,0,,not_flight,0.95,other_travel,12,,,Low fares still available for Easter weekend! Traveling safely to celebrate together ‌ ‌ ‌ ‌ ‌ ‌ ‌ ‌ ‌ ‌ ‌ ‌ ‌ ‌ ‌ ‌ ‌ ‌ ‌ ‌ ‌ ‌ ‌ ‌ ‌ ‌ ‌ ‌ ‌ ‌ ‌ ‌ ‌ ‌ ‌ ‌ ‌ ‌ ‌ ‌ ‌ ‌ ‌ ‌ ‌ ‌ ‌ ‌ ‌ ‌ ‌ ‌ Greyhound BOOK A TRIP ROAD REWARDS EXPLORE [code] Greyhound &zwnj; &zwnj; &zwnj; &zwnj; &zwnj; &zwnj; &zwnj; &zwnj; &zwnj; &zwnj; &zwnj; &zwnj; &zwnj; &zwnj; &zwnj; &zwnj;
198f40ad68920285,"Thu, 28 Aug 2025 22:12:58 -0600",MileagePlus Program <MileagePlus_Program@enews.united.com>,Time is running out! Register for Mile Play,"incremental_precise,incremental_precise,initial_broad_recent,initial_broad_recent,initial_broad_recent",True,0,,other_travel,0.95,other_travel,12,,,"Time is running out! Register for Mile Play Ready. Set. Earn 3100 bonus miles. United MileagePlus MileagePlus # XXXXX111 Mileage balance 5475 United MileagePlus MileagePlus # XXXXX111 Mileage balance 5475 United MileagePlus MileagePlus # United Airlines - United MileagePlus Ready. Set. Earn 3,100 bonus miles. [url] MileagePlus # XXXXX111 Mileage balance 5,47"
18907eeadec30d4f,"Thu, 29 Jun 2023 16:00:06 +0000",Chick-fil-A Marketplace <members@abenity.com>,Celebrate Independence Day with these offers.,incremental_precise,True,0,,other_travel,0.95,other_travel,10,,,Celebrate Independence Day with these offers. These savings are worth some fireworks! ͏‌ ͏‌ ͏‌ ͏‌ ͏‌ ͏‌ ͏‌ ͏‌ ͏‌ ͏‌ ͏‌ ͏‌ ͏‌ ͏‌ ͏‌ ͏‌ ͏‌ ͏‌ ͏‌ ͏‌ ͏‌ ͏‌ ͏‌ ͏‌ ͏‌ ͏‌ ͏‌ ͏‌ ͏‌ ͏‌ ͏‌ ͏‌ ͏‌ ͏‌ ͏‌ ͏‌ ͏‌ ͏‌ ͏‌ ͏‌ ͏‌ ͏‌ ͏‌ ͏‌ ͏‌ ͏‌ ͏‌ ͏‌ ͏‌ ͏‌ ͏‌ ͏‌ ͏‌ ͏‌ These savings are worth some fireworks! ͏‌ ͏‌ ͏‌ ͏‌ ͏‌ ͏‌ ͏‌ ͏‌ ͏‌ ͏‌ ͏‌ ͏‌ ͏‌ ͏‌ ͏‌ ͏‌ ͏‌ ͏‌ ͏‌ ͏‌ ͏‌ ͏‌ ͏‌ ͏‌ 
1971bb4e33ba89f9,"Thu, 29 May 2025 11:01:45 +0000",Frontier Airlines <deals@emails.flyfrontier.com>,Our best deals right at your fingertips! Download our new app today 📱,"incremental_precise,incremental_precise,initial_broad_recent,initial_broad_recent",True,0,,other_travel,0.95,other_travel,14,,,"Our best deals right at your fingertips! Download our new app today 📱 Act quickly before this offer is gone ... Booking your next trip has never been easier! All-new look and feel - A completely redesigned interface makes browsing, booking, and managing your trip faster <!-- THE VARIABLES IN USE --> <!-- FIRST FIND THE PRIMARY AIRPORT CODE --> <!-- THEN [cod"
1761f211fc43e9d2,"Tue, 01 Dec 2020 10:09:07 -0600",Greyhound <reply@em.greyhound.com>,Book one last fall getaway,incremental_precise,True,0,,not_flight,0.95,other_travel,12,,,"Book one last fall getaway Stay safe on your journey ‌ ‌ ‌ ‌ ‌ ‌ ‌ ‌ ‌ ‌ ‌ ‌ ‌ ‌ ‌ ‌ ‌ ‌ ‌ ‌ ‌ ‌ ‌ ‌ ‌ ‌ ‌ ‌ ‌ ‌ ‌ ‌ ‌ ‌ ‌ ‌ ‌ ‌ ‌ ‌ ‌ ‌ ‌ ‌ ‌ ‌ ‌ ‌ ‌ ‌ ‌ ‌ Greyhound BOOK A TRIP ROAD REWARDS EXPLORE [code] Louisville, KY Fall Greyhound &zwnj; &zwnj; &zwnj; &zwnj; &zwnj; &zwnj; &zwnj; &zwnj; &zwnj; &zwnj; &zwnj; &zwnj; &zwnj; &zwnj; &zwnj; &zwnj; &zwnj; &zwn"
179c82a715024adb,"Tue, 01 Jun 2021 09:11:52 -0600",Greyhound <reply@em.greyhound.com>,Let's ease back into travel,incremental_precise,True,0,,other_travel,0.95,other_travel,12,,,Let's ease back into travel Keeping you safe throughout your journey ‌ ‌ ‌ ‌ ‌ ‌ ‌ ‌ ‌ ‌ ‌ ‌ ‌ ‌ ‌ ‌ ‌ ‌ ‌ ‌ ‌ ‌ ‌ ‌ ‌ ‌ ‌ ‌ ‌ ‌ ‌ ‌ ‌ ‌ ‌ ‌ ‌ ‌ ‌ ‌ ‌ ‌ ‌ ‌ ‌ ‌ ‌ ‌ ‌ ‌ ‌ ‌ Greyhound BOOK A TRIP ROAD REWARDS EXPLORE [code] San Greyhound &zwnj; &zwnj; &zwnj; &zwnj; &zwnj; &zwnj; &zwnj; &zwnj; &zwnj; &zwnj; &zwnj; &zwnj; &zwnj; &zwnj; &zwnj; &zwnj; &zwnj; &zwn
177f2eef75ae7c62,"Tue, 02 Mar 2021 07:11:18 -0500",NASA Mars <no-reply-mars@jpl.nasa.gov>,Mars Rover Sends Back Panoramic Views and First Audio,incremental_precise,True,0,,other_travel,0.95,other_travel,8,,,Mars Rover Sends Back Panoramic Views and First Audio March 2021 Dusty terrain extends off to distant hills as the Perseverance rover sits on the Martian surface Dive Into This Immersive 360-Degree View of Mars Perseverance captured its first high- NASA Mars Exploration at a Glance March 2021 [1]Dusty terrain extends off to distant hills as the Perseverance 
17938170b6890941,"Tue, 04 May 2021 09:54:12 -0600",Greyhound <reply@em.greyhound.com>,Springtime is a great time to travel,incremental_precise,True,0,,other_travel,0.95,other_travel,12,,,Springtime is a great time to travel Keeping you safe throughout your journey ‌ ‌ ‌ ‌ ‌ ‌ ‌ ‌ ‌ ‌ ‌ ‌ ‌ ‌ ‌ ‌ ‌ ‌ ‌ ‌ ‌ ‌ ‌ ‌ ‌ ‌ ‌ ‌ ‌ ‌ ‌ ‌ ‌ ‌ ‌ ‌ ‌ ‌ ‌ ‌ ‌ ‌ ‌ ‌ ‌ ‌ ‌ ‌ ‌ ‌ ‌ ‌ Greyhound BOOK A TRIP ROAD REWARDS EXPLORE [code] City Greyhound &zwnj; &zwnj; &zwnj; &zwnj; &zwnj; &zwnj; &zwnj; &zwnj; &zwnj; &zwnj; &zwnj; &zwnj; &zwnj; &zwnj; &zwnj; &zwnj; &
176d35450ef286bc,"Tue, 05 Jan 2021 10:10:30 -0600",Greyhound <reply@em.greyhound.com>,Book today for the lowest fares for MLK weekend,incremental_precise,True,0,,not_flight,0.95,other_travel,12,,,Book today for the lowest fares for MLK weekend Staying safe together ‌ ‌ ‌ ‌ ‌ ‌ ‌ ‌ ‌ ‌ ‌ ‌ ‌ ‌ ‌ ‌ ‌ ‌ ‌ ‌ ‌ ‌ ‌ ‌ ‌ ‌ ‌ ‌ ‌ ‌ ‌ ‌ ‌ ‌ ‌ ‌ ‌ ‌ ‌ ‌ ‌ ‌ ‌ ‌ ‌ ‌ ‌ ‌ ‌ ‌ ‌ ‌ Greyhound BOOK A TRIP ROAD REWARDS EXPLORE [code] Family playing with snow Greyhound &zwnj; &zwnj; &zwnj; &zwnj; &zwnj; &zwnj; &zwnj; &zwnj; &zwnj; &zwnj; &zwnj; &zwnj; &zwnj; &zwnj; &zw
179ec2df7c0df0bd,"Tue, 08 Jun 2021 09:11:12 -0600",Greyhound <reply@em.greyhound.com>,We still have great fares for a weekend getaway,incremental_precise,True,0,,other_travel,0.95,other_travel,12,,,We still have great fares for a weekend getaway Keeping you safe throughout your journey ‌ ‌ ‌ ‌ ‌ ‌ ‌ ‌ ‌ ‌ ‌ ‌ ‌ ‌ ‌ ‌ ‌ ‌ ‌ ‌ ‌ ‌ ‌ ‌ ‌ ‌ ‌ ‌ ‌ ‌ ‌ ‌ ‌ ‌ ‌ ‌ ‌ ‌ ‌ ‌ ‌ ‌ ‌ ‌ ‌ ‌ ‌ ‌ ‌ ‌ ‌ ‌ Greyhound BOOK A TRIP ROAD REWARDS EXPLORE [code] La Greyhound &zwnj; &zwnj; &zwnj; &zwnj; &zwnj; &zwnj; &zwnj; &zwnj; &zwnj; &zwnj; &zwnj; &zwnj; &zwnj; &zwnj; &zwnj;
17787a0b69b7b9fe,"Tue, 09 Feb 2021 10:08:32 -0600",Greyhound <reply@em.greyhound.com>,Get away for Valentine's Day,incremental_precise,True,0,,other_travel,0.95,other_travel,12,,,Get away for Valentine's Day Keeping you safe throughout your journey ‌ ‌ ‌ ‌ ‌ ‌ ‌ ‌ ‌ ‌ ‌ ‌ ‌ ‌ ‌ ‌ ‌ ‌ ‌ ‌ ‌ ‌ ‌ ‌ ‌ ‌ ‌ ‌ ‌ ‌ ‌ ‌ ‌ ‌ ‌ ‌ ‌ ‌ ‌ ‌ ‌ ‌ ‌ ‌ ‌ ‌ ‌ ‌ ‌ ‌ ‌ ‌ Greyhound BOOK A TRIP ROAD REWARDS EXPLORE [code] Couple Greyhound &zwnj; &zwnj; &zwnj; &zwnj; &zwnj; &zwnj; &zwnj; &zwnj; &zwnj; &zwnj; &zwnj; &zwnj; &zwnj; &zwnj; &zwnj; &zwnj; &zwnj; 
19249eb6af7e71a8,"Tue, 1 Oct 2024 15:10:18 -0600 (MDT)",United Airlines <noreply@insights.united.com>,Tell us how we did,"incremental_precise,incremental_precise",True,0,,other_travel,0.95,other_travel,12,"HOUSTON,NEW YORK",,"Tell us how we did Your feedback means the world to us Hi Nathan, From all of us here at United, thank you for flying with us! It was a pleasure having you onboard for your trip from Houston to New York. We would like to Your feedback means the world to us Hi Nathan, From all of us here at United, thank you for flying with us! It was a pleasure having you on"
19585a463d9c0aaf,"Tue, 11 Mar 2025 14:38:15 +0000 (UTC)",The Points Guy <tpg@thepointsguy.com>,"✈ Big Southwest Changes Leave Little to 'Luv,' Do Americans Still Feel Safe Flying? & More News From TPG ✈","incremental_precise,incremental_precise,initial_broad_recent,initial_broad_recent,initial_broad_recent",True,0,,other_travel,0.95,other_travel,10,,,"✈ Big Southwest Changes Leave Little to 'Luv,' Do Americans Still Feel Safe Flying? & More News From TPG ✈ Also: 5 hotels in Thailand to check into for a &#39;White Lotus&#39;-inspired getaway March 11, 2025 THE [code] GUY View in browser TPG Daily NEWSLETTER THE [code] GUY RIP: &#39;Bags fly free&#39; by THE [code] GUY Also: 5 hotels in Thailand to check in"
178cbc40914895a6,"Tue, 13 Apr 2021 09:01:38 -0600",Greyhound <reply@em.greyhound.com>,Recharge with a weekend getaway,incremental_precise,True,0,,other_travel,0.95,other_travel,12,,,Recharge with a weekend getaway Taking care of our customers and employees is our #1 priority ‌ ‌ ‌ ‌ ‌ ‌ ‌ ‌ ‌ ‌ ‌ ‌ ‌ ‌ ‌ ‌ ‌ ‌ ‌ ‌ ‌ ‌ ‌ ‌ ‌ ‌ ‌ ‌ ‌ ‌ ‌ ‌ ‌ ‌ ‌ ‌ ‌ ‌ ‌ ‌ ‌ ‌ ‌ ‌ ‌ ‌ ‌ ‌ ‌ ‌ ‌ ‌ Greyhound BOOK A TRIP ROAD REWARDS Greyhound &zwnj; &zwnj; &zwnj; &zwnj; &zwnj; &zwnj; &zwnj; &zwnj; &zwnj; &zwnj; &zwnj; &zwnj; &zwnj; &zwnj; &zwnj; &zwnj; &zwnj
18bcf096f2af4a7a,"Tue, 14 Nov 2023 10:55:13 -0500",NASA Mars <no-reply-mars@jpl.nasa.gov>,NASA Mars Exploration Newsletter: November 2023,incremental_precise,True,0,,other_travel,0.95,other_travel,10,,,"NASA Mars Exploration Newsletter: November 2023 When the Sun Blocks Mars; Red Planet Status: It&#39;s Complicated; Curiosity Hits 4000 Martian Days November 2023 Illustration shows Earth and Mars on opposite sides of the Sun, with the words Solar NASA Mars Exploration at a Glance November 2023 [1]Illustration shows Earth and Mars on opposite sides of the Sun"
176672a706600ff3,"Tue, 15 Dec 2020 10:04:59 -0600",Greyhound <reply@em.greyhound.com>,You deserve some time off,incremental_precise,True,0,,other_travel,0.95,other_travel,12,"DALLAS, TX",,"You deserve some time off Keeping you safe on your journey ‌ ‌ ‌ ‌ ‌ ‌ ‌ ‌ ‌ ‌ ‌ ‌ ‌ ‌ ‌ ‌ ‌ ‌ ‌ ‌ ‌ ‌ ‌ ‌ ‌ ‌ ‌ ‌ ‌ ‌ ‌ ‌ ‌ ‌ ‌ ‌ ‌ ‌ ‌ ‌ ‌ ‌ ‌ ‌ ‌ ‌ ‌ ‌ ‌ ‌ ‌ ‌ Greyhound BOOK A TRIP ROAD REWARDS EXPLORE [code] Dallas, TX Greyhound &zwnj; &zwnj; &zwnj; &zwnj; &zwnj; &zwnj; &zwnj; &zwnj; &zwnj; &zwnj; &zwnj; &zwnj; &zwnj; &zwnj; &zwnj; &zwnj; &zwnj; &zwnj; "
17a1042b6fde5401,"Tue, 15 Jun 2021 09:06:54 -0600",Greyhound <reply@em.greyhound.com>,Plan your summer vacation to your favorite destination,incremental_precise,True,0,,not_flight,0.95,other_travel,12,,,Plan your summer vacation to your favorite destination Keeping you safe throughout your journey ‌ ‌ ‌ ‌ ‌ ‌ ‌ ‌ ‌ ‌ ‌ ‌ ‌ ‌ ‌ ‌ ‌ ‌ ‌ ‌ ‌ ‌ ‌ ‌ ‌ ‌ ‌ ‌ ‌ ‌ ‌ ‌ ‌ ‌ ‌ ‌ ‌ ‌ ‌ ‌ ‌ ‌ ‌ ‌ ‌ ‌ ‌ ‌ ‌ ‌ ‌ ‌ Greyhound BOOK A TRIP ROAD REWARDS EXPLORE [code] Greyhound &zwnj; &zwnj; &zwnj; &zwnj; &zwnj; &zwnj; &zwnj; &zwnj; &zwnj; &zwnj; &zwnj; &zwnj; &zwnj; &zwnj; &z
180d23d60a9b1fb8,"Tue, 17 May 2022 06:37:58 -0700",Frontier Airlines <flights@emails.flyfrontier.com>,"Committed to You: Here’s what to expect on your upcoming flight, confirmation code F7TE6C.","incremental_precise,incremental_precise",True,0,,other_travel,0.95,other_travel,6,,,"Committed to You: Here’s what to expect on your upcoming flight, confirmation code [code]. ‌ ‌ ‌ ‌ ‌ ‌ ‌ ‌ ‌ ‌ ‌ ‌ ‌ FRONTIER Low Fares Done Right Important Information about your trip For the best travel experience follow our easy travel guides Our travel information will help you have a <!DOCTYPE html [code] ""-//W3C//DTD XHTML 1.0 Transitional//EN"" ""[url] "
179800228104e555,"Tue, 18 May 2021 09:04:16 -0600",Greyhound <reply@em.greyhound.com>,Get away this weekend with these low fares...,incremental_precise,True,0,,other_travel,0.95,other_travel,12,,,Get away this weekend with these low fares... Keeping you safe throughout your journey ‌ ‌ ‌ ‌ ‌ ‌ ‌ ‌ ‌ ‌ ‌ ‌ ‌ ‌ ‌ ‌ ‌ ‌ ‌ ‌ ‌ ‌ ‌ ‌ ‌ ‌ ‌ ‌ ‌ ‌ ‌ ‌ ‌ ‌ ‌ ‌ ‌ ‌ ‌ ‌ ‌ ‌ ‌ ‌ ‌ ‌ ‌ ‌ ‌ ‌ ‌ ‌ Greyhound BOOK A TRIP ROAD REWARDS EXPLORE [code] Greyhound &zwnj; &zwnj; &zwnj; &zwnj; &zwnj; &zwnj; &zwnj; &zwnj; &zwnj; &zwnj; &zwnj; &zwnj; &zwnj; &zwnj; &zwnj; &zwn
1771bd8df73443b2,"Tue, 19 Jan 2021 10:33:32 -0600",Greyhound <reply@em.greyhound.com>,Enjoy winter your way,incremental_precise,True,0,,other_travel,0.95,other_travel,12,,,Enjoy winter your way Keeping you safe throughout your journey ‌ ‌ ‌ ‌ ‌ ‌ ‌ ‌ ‌ ‌ ‌ ‌ ‌ ‌ ‌ ‌ ‌ ‌ ‌ ‌ ‌ ‌ ‌ ‌ ‌ ‌ ‌ ‌ ‌ ‌ ‌ ‌ ‌ ‌ ‌ ‌ ‌ ‌ ‌ ‌ ‌ ‌ ‌ ‌ ‌ ‌ ‌ ‌ ‌ ‌ ‌ ‌ Greyhound BOOK A TRIP ROAD REWARDS EXPLORE [code] Couple Greyhound &zwnj; &zwnj; &zwnj; &zwnj; &zwnj; &zwnj; &zwnj; &zwnj; &zwnj; &zwnj; &zwnj; &zwnj; &zwnj; &zwnj; &zwnj; &zwnj; &zwnj; &zwnj; 
1771dff29e79eb45,"Tue, 19 Jan 2021 22:40:13 -0500",NASA Mars <no-reply-mars@jpl.nasa.gov>,30 Days from Landing on Mars,"incremental_precise,incremental_precise",True,0,,other_travel,0.95,other_travel,12,,,"30 Days from Landing on Mars January 2021 30 Days from Landing on Mars 30 Days from Landing on Mars In just one month, on Feb. 18, 2021, NASA&#39;s Mars Perseverance rover will touch down on the Red Planet. There are many ways you NASA Mars Exploration at a Glance January 2021 [1]30 Days from Landing on Mars [2]30 Days from Landing on Mars In just one month,"
1699721f5d276554,"Tue, 19 Mar 2019 11:05:47 -0700","""MileagePlus Program​"" <MileagePlus@news.united.com>","Take home up to 14,000 miles with Mile Play","incremental_precise,incremental_precise",True,0,,other_travel,0.95,other_travel,12,,,"Take home up to 14,000 miles with Mile Play Ready. Set. Earn. To ensure delivery to your inbox, please add [email] to your address book. View in Web browser MileagePlus # XXXXX111 Mileage balance: 2780 As of March 19, 2019 <!doctype html> <html xmlns=""[url] xmlns:v=""urn:schemas-microsoft-com:vml""> <head> <meta charset=""UTF-8""> <meta name=""viewport"" content="""
193465b8e646f930,"Tue, 19 Nov 2024 15:37:03 -0600",MileagePlus Program <MileagePlus_Program@enews.united.com>,Earn miles and save on your car rental for your Houston trip,"incremental_precise,incremental_precise,initial_broad_recent,initial_broad_recent,initial_broad_recent",True,0,,other_travel,0.95,other_travel,12,"BNA,IAH",,Earn miles and save on your car rental for your Houston trip Get special rates and earn miles when you rent with Avis and Budget. View Online United MileagePlus MileagePlus # XXXXX111 Mileage balance 930 United MileagePlus MileagePlus # XXXXX111 Mileage balance United Airlines - United MileagePlus Get special rates and earn miles when you rent with Avis and 
169dfd7aade631e7,"Tue, 2 Apr 2019 13:57:09 -0700","""MileagePlus Program​"" <MileagePlus@news.united.com>","Don't let up to 14,000 miles fly by","incremental_precise,incremental_precise",True,0,,other_travel,0.95,other_travel,12,,,"Don't let up to 14,000 miles fly by Mile Play is waiting. To ensure delivery to your inbox, please add [email] to your address book. View in Web browser MileagePlus # XXXXX111 Mileage balance: 3220 As of April 2, 2019 <!doctype html> <html xmlns=""[url] xmlns:v=""urn:schemas-microsoft-com:vml""> <head> <meta charset=""UTF-8""> <meta name=""viewport"" content=""width"
1965c17a53590c06,"Tue, 22 Apr 2025 06:02:54 +0000 (UTC)",EVA Air - EVABidDeal <EVABidDeal@pg.evaair.com>,Get Upgraded on your EVA Air flight!,"incremental_precise,incremental_precise,initial_broad_recent,initial_broad_recent,initial_broad_recent",True,0,,other_travel,0.95,other_travel,10,,,"Get Upgraded on your EVA Air flight! Bid for an upgrade‌ ‌ ‌ ‌ ‌ ‌ ‌ ‌ ‌ ‌ ‌ ‌ ‌ ‌ ‌ ‌ ‌ ‌ ‌ ‌ ‌ ‌ ‌ ‌ ‌ ‌ ‌ ‌ ‌ ‌ ‌ ‌ ‌ ‌ ‌ ‌ ‌ ‌ ‌ ‌ ‌ ‌ ‌ ‌ ‌ ‌ ‌ ‌ ‌ ‌ ‌ ‌ ‌ ‌ ‌ ‌ ‌ ‌ ‌ ‌ ‌ ‌ ‌ ‌ ‌ ‌ ‌ ‌ ‌ ‌ ‌ ‌ ‌ ‌ ‌ ‌ ‌ ‌ ‌ ‌ ‌ ‌ ‌‌ ‌ ‌ ‌ ‌ ‌ ‌ ‌ ‌ <!DOCTYPE html [code] ""-//W3C//DTD XHTML 1.0 Strict//EN"" ""[url] <html xmlns=""[url] xmlns:v=""urn:schemas-microsoft-com:vml"""
193695c6352b16bb,"Tue, 26 Nov 2024 10:09:57 -0600",Smart Points <smartpoints@dollarflightclub.com>,"💵 How to save $4,500 on one trip","incremental_precise,initial_broad_recent,initial_broad_recent",True,0,,other_travel,0.95,other_travel,10,,,"💵 How to save $4,500 on one trip PLUS: Earn points buying a home ‌ ‌ ‌ ‌ ‌ ‌ ‌ ‌ ‌ ‌ ‌ ‌ ‌ ‌ ‌ ‌ ‌ ‌ ‌ ‌ ‌ ‌ ‌ ‌ ‌ ‌ ‌ ‌ ‌ ‌ ‌ ‌ ‌ ‌ ‌ ‌ ‌ ‌ ‌ ‌ ‌ ‌ ‌ ‌ ‌ ‌ ‌ ‌ ‌ ‌ ‌ ‌ ‌ ‌ ‌ ‌ ‌ ‌ ‌ ‌ ‌ ‌ ‌ ‌ ‌ ‌ ‌ ‌ ‌ ‌ ‌ ‌ ‌ ‌ ‌ ‌ ‌ ‌ ‌ ‌ ‌ ‌ ‌ ‌ ‌ PLUS: Earn points buying a home ‌ ‌ ‌ ‌ ‌ ‌ ‌ ‌ ‌ ‌ ‌ ‌ ‌ ‌ ‌ ‌ ‌ ‌ ‌ ‌ ‌ ‌ ‌ ‌ ‌ ‌ ‌ ‌ ‌ ‌ ‌ ‌ ‌ ‌ ‌ ‌ ‌ ‌ ‌ ‌ ‌ ‌ ‌ ‌ ‌ ‌ ‌"
19dd63bb59a5a59e,"Tue, 28 Apr 2026 22:35:28 +0000",TrueBlue Travel <jetblueairways@marketing.jetblue.com>,Deals unlocked for your trip LTBUMI to Dallas/Fort Worth Jun 25 ✨,"incremental_precise,incremental_precise,initial_broad_recent,initial_broad_recent,initial_broad_recent,exhaustive_backfill",True,0,,other_travel,0.95,other_travel,12,"PUJ,FLL,DFW","0174,2279",Deals unlocked for your trip [code] to Dallas/Fort Worth Jun 25 ✨ Exclusively with TrueBlue Travel. Trueblue Travel [code] Jun 25 - Jun 25 Hotels Vacation Rentals Cars Activities Travel Bags Insurance Hero Image Redeem TrueBlue points for hotels &amp; car rentals. Exclusively with TrueBlue Travel. Trueblue Travel ( [url] ) [code] Jun 25 - Jun 25 ( [url] ) Ho
17b0d92fc7df16be,"Tue, 3 Aug 2021 13:52:20 -0600 (MDT)",United Airlines <noreply@insights.united.com>,Your feedback helps us improve,"incremental_precise,incremental_precise",True,0,,other_travel,0.95,other_travel,12,"NEWARK,DALLAS",,"Your feedback helps us improve . MileagePlus # Your feedback means the world to us Hi Nathancharles, From all of us here at United, we&#39;d like to thank you for flying with us. We appreciate your business during these challenging . MileagePlus # Your feedback means the world to us Hi Nathancharles, From all of us here at United, we'd like to thank you for "
1776b069f4f51b2d,"Wed, 03 Feb 2021 21:32:37 -0500",NASA Mars <no-reply-mars@jpl.nasa.gov>,Join NASA’s Mars Rover Landing in Two Weeks,"incremental_precise,incremental_precise",True,0,,other_travel,0.95,other_travel,10,,,Join NASA’s Mars Rover Landing in Two Weeks February 2021 Illustration of the Perseverance rover touching down on Mars Get Ready for the Feb. 18 Mars Landing ﻿In about two weeks the Mars Perseverance rover will touch down on Mars. There are many NASA Mars Exploration at a Glance February 2021 [1]Illustration of the Perseverance rover touching down on Mars [2
188962608866aa5f,"Wed, 07 Jun 2023 08:02:03 -0400",NASA Mars <no-reply-mars@jpl.nasa.gov>,NASA Mars Exploration Newsletter: June 2023,incremental_precise,True,0,,other_travel,0.95,other_travel,10,,,NASA Mars Exploration Newsletter: June 2023 Signs of ancient Mars river; Sounds of Mars; New website: Earth Return Orbiter would bring Mars samples to Earth June 2023 A view of Mars landscape shows a series of curving bands of low-lying rock on NASA Mars Exploration at a Glance June 2023 [1]A view of Mars landscape shows a series of curving bands of low-lyin
17d0bb7514b57dd3,"Wed, 10 Nov 2021 13:18:12 -0800",MileagePlus Program <MileagePlus@news.united.com>,Register now: Your Mile Play offer is inside,"incremental_precise,incremental_precise",True,0,,other_travel,0.95,other_travel,12,,,"Register now: Your Mile Play offer is inside Ready. Set. Earn 6000 bonus miles. View Online United MileagePlus MileagePlus # XXXXX111 Mileage balance 6470 United MileagePlus MileagePlus # XXXXX111 Mileage balance 6470 United MileagePlus <!DOCTYPE html [code] ""-//W3C//DTD XHTML 1.0 Transitional//EN"" ""[url] <html lang=""en"" xmlns=""[url] xmlns:o=""urn:schemas-mic"
180b65582f07fe80,"Wed, 11 May 2022 20:34:56 -0700",MileagePlus Program <MileagePlus@news.united.com>,Register now: Your Mile Play offer is inside,"incremental_precise,incremental_precise",True,0,,other_travel,0.95,other_travel,12,,SX710111,"Register now: Your Mile Play offer is inside Ready. Set. Earn 2500 bonus miles. View Online United MileagePlus MileagePlus # SX710111 Mileage balance 6470 United MileagePlus MileagePlus # SX710111 Mileage balance 6470 United MileagePlus <!DOCTYPE html [code] ""-//W3C//DTD XHTML 1.0 Transitional//EN"" ""[url] <html lang=""en"" xmlns=""[url] xmlns:o=""urn:schemas-mic"
182ae660e333798f,"Wed, 17 Aug 2022 17:41:23 -0700",MileagePlus Program <MileagePlus@news.united.com>,Register now: Your Mile Play offer is inside,"incremental_precise,incremental_precise",True,0,,other_travel,0.95,other_travel,12,,,"Register now: Your Mile Play offer is inside Ready. Set. Earn 4200 bonus miles. View Online United MileagePlus MileagePlus # XXXXX111 Mileage balance 6470 United MileagePlus MileagePlus # XXXXX111 Mileage balance 6470 United MileagePlus <!DOCTYPE html [code] ""-//W3C//DTD XHTML 1.0 Transitional//EN"" ""[url] <html lang=""en"" xmlns=""[url] xmlns:o=""urn:schemas-mic"
17d2f74d9eef9761,"Wed, 17 Nov 2021 11:51:53 -0800",MileagePlus Program <MileagePlus@news.united.com>,Register now: Your Mile Play offer is inside,"incremental_precise,incremental_precise",True,0,,other_travel,0.95,other_travel,12,,,"Register now: Your Mile Play offer is inside Ready. Set. Earn 6000 bonus miles. View Online United MileagePlus MileagePlus # XXXXX111 Mileage balance 6470 United MileagePlus MileagePlus # XXXXX111 Mileage balance 6470 United MileagePlus <!DOCTYPE html [code] ""-//W3C//DTD XHTML 1.0 Transitional//EN"" ""[url] <html lang=""en"" xmlns=""[url] xmlns:o=""urn:schemas-mic"
180da4efe3d9f033,"Wed, 18 May 2022 20:14:08 -0700",MileagePlus Program <MileagePlus@news.united.com>,Register now: Your Mile Play offer is inside,"incremental_precise,incremental_precise",True,0,,other_travel,0.95,other_travel,12,,,"Register now: Your Mile Play offer is inside Ready. Set. Earn 2500 bonus miles. View Online United MileagePlus MileagePlus # XXXXX111 Mileage balance 6470 United MileagePlus MileagePlus # XXXXX111 Mileage balance 6470 United MileagePlus <!DOCTYPE html [code] ""-//W3C//DTD XHTML 1.0 Transitional//EN"" ""[url] <html lang=""en"" xmlns=""[url] xmlns:o=""urn:schemas-mic"
175dc2f00b3d736a,"Wed, 18 Nov 2020 10:10:51 -0600",Greyhound <reply@em.greyhound.com>,Thanksgiving plans this year?,incremental_precise,True,0,,other_travel,0.95,other_travel,12,,,Thanksgiving plans this year? Keeping you safe throughout your journey ‌ ‌ ‌ ‌ ‌ ‌ ‌ ‌ ‌ ‌ ‌ ‌ ‌ ‌ ‌ ‌ ‌ ‌ ‌ ‌ ‌ ‌ ‌ ‌ ‌ ‌ ‌ ‌ ‌ ‌ ‌ ‌ ‌ ‌ ‌ ‌ ‌ ‌ ‌ ‌ ‌ ‌ ‌ ‌ ‌ ‌ ‌ ‌ ‌ ‌ ‌ ‌ Greyhound BOOK A TRIP ROAD REWARDS EXPLORE [code] Ready Greyhound &zwnj; &zwnj; &zwnj; &zwnj; &zwnj; &zwnj; &zwnj; &zwnj; &zwnj; &zwnj; &zwnj; &zwnj; &zwnj; &zwnj; &zwnj; &zwnj; &zwnj; 
17f4e1a1072733cc,"Wed, 2 Mar 2022 20:46:37 -0800",MileagePlus Program <MileagePlus@news.united.com>,Register now: Your Mile Play offer is inside,"incremental_precise,incremental_precise",True,0,,other_travel,0.95,other_travel,12,,,"Register now: Your Mile Play offer is inside Ready. Set. Earn 2800 bonus miles. View Online United MileagePlus MileagePlus # XXXXX111 Mileage balance 6470 United MileagePlus MileagePlus # XXXXX111 Mileage balance 6470 United MileagePlus <!DOCTYPE html [code] ""-//W3C//DTD XHTML 1.0 Transitional//EN"" ""[url] <html lang=""en"" xmlns=""[url] xmlns:o=""urn:schemas-mic"
16e8aecf71ad9353,"Wed, 20 Nov 2019 14:25:50 -0800",MileagePlus Program <MileagePlus@news.united.com>,Don't forget about your new Mile Play game,"incremental_precise,incremental_precise",True,0,,other_travel,0.95,other_travel,12,,,"Don't forget about your new Mile Play game Ready. Set. Earn 7500 bonus miles. To ensure delivery to your inbox, please add [email] to your address book. MileagePlus # XXXXX111 Mileage balance: 4335 Register now to earn with <!doctype html> <html style=""opacity: 1;"" xmlns=""[url] xmlns:v=""urn:schemas-microsoft-com:vml""> <head> <meta charset=""UTF-8"" /> <meta co"
16cb58f12c4aa522,"Wed, 21 Aug 2019 15:02:09 -0400",NASA Mars Outreach <mars@jpl.nasa.gov>,Send Your Name to Mars,incremental_precise,True,0,,other_travel,0.95,other_travel,10,,,"Send Your Name to Mars Thanks for confirming your email! Here&#39;s the info on your latest chance to Send Your Name to Mars on NASA&#39;s Mars 2020 Rover NASA&#39;s next mission to Mars, the Mars 2020 rover, will search for [1][9be8d87ebdaa7416d301740506895192.jpeg] [2][] Thanks for confirming your email! Here's the info on your latest chance to [3]Send You"
19a0e5295706f959,"Wed, 22 Oct 2025 17:48:04 -0600",MileagePlus Program <MileagePlus_Program@enews.united.com>,Don't forget to register for Mile Play,"incremental_precise,incremental_precise,initial_broad_recent,initial_broad_recent,initial_broad_recent",True,0,,other_travel,0.95,other_travel,12,,,"Don't forget to register for Mile Play Ready. Set. Earn 3200 bonus miles. United MileagePlus MileagePlus # XXXXX111 Mileage balance 5475 United MileagePlus MileagePlus # XXXXX111 Mileage balance 5475 United MileagePlus MileagePlus # United Airlines - United MileagePlus Ready. Set. Earn 3,200 bonus miles. [url] MileagePlus # XXXXX111 Mileage balance 5,475 [ur"
17f2a00e073c6de0,"Wed, 23 Feb 2022 20:32:51 -0800",MileagePlus Program <MileagePlus@news.united.com>,Register now: Your Mile Play offer is inside,"incremental_precise,incremental_precise",True,0,,other_travel,0.95,other_travel,12,,,"Register now: Your Mile Play offer is inside Ready. Set. Earn 2800 bonus miles. View Online United MileagePlus MileagePlus # XXXXX111 Mileage balance 6470 United MileagePlus MileagePlus # XXXXX111 Mileage balance 6470 United MileagePlus <!DOCTYPE html [code] ""-//W3C//DTD XHTML 1.0 Transitional//EN"" ""[url] <html lang=""en"" xmlns=""[url] xmlns:o=""urn:schemas-mic"
182d1bc78d8d272e,"Wed, 24 Aug 2022 14:22:32 -0700",MileagePlus Program <MileagePlus@news.united.com>,Register now: Your Mile Play offer is inside,"incremental_precise,incremental_precise",True,0,,other_travel,0.95,other_travel,12,,,"Register now: Your Mile Play offer is inside Ready. Set. Earn 4200 bonus miles. View Online United MileagePlus MileagePlus # XXXXX111 Mileage balance 6470 United MileagePlus MileagePlus # XXXXX111 Mileage balance 6470 United MileagePlus <!DOCTYPE html [code] ""-//W3C//DTD XHTML 1.0 Transitional//EN"" ""[url] <html lang=""en"" xmlns=""[url] xmlns:o=""urn:schemas-mic"
19d24548eed880a6,"Wed, 25 Mar 2026 09:30:14 +0000","""Capital One | Venture X"" <capitalone@message.capitalone.com>",Download the new Capital One Travel app,"incremental_precise,incremental_precise,initial_broad_recent,initial_broad_recent",True,0,,other_travel,0.95,other_travel,10,,,Download the new Capital One Travel app Find lounges and stay informed with real-time travel updates. ͏ ͏ ͏ ͏ ͏ ͏ ͏ ͏ ͏ ͏ ͏ ͏ ͏ ͏ ͏ ͏ ͏ ͏ ͏ ͏ ͏ ͏ ͏ ͏ ͏ ͏ ͏ ͏ ͏ ͏ ͏ ͏ ͏ ͏ ͏ ͏ ͏ ͏ ͏ ͏ ͏ ͏ ͏ ͏ ͏ ͏ ͏ ͏ ͏ ͏ ͏ ͏ ͏ ͏ ͏ ͏ ͏ ͏ ͏ ͏ ͏ ͏ ͏ ͏ ͏ ͏ ͏ ͏ ͏ ͏ Find lounges and stay informed with real-time travel updates. -- [ [Sign in to your account] [Sign in to your account]
17919265a22106d5,"Wed, 28 Apr 2021 09:25:56 -0600",Greyhound <reply@em.greyhound.com>,Book your Cinco de Mayo getaway today,incremental_precise,True,0,,other_travel,0.95,other_travel,12,,,Book your Cinco de Mayo getaway today Taking care of our customers and employees is our #1 priority ‌ ‌ ‌ ‌ ‌ ‌ ‌ ‌ ‌ ‌ ‌ ‌ ‌ ‌ ‌ ‌ ‌ ‌ ‌ ‌ ‌ ‌ ‌ ‌ ‌ ‌ ‌ ‌ ‌ ‌ ‌ ‌ ‌ ‌ ‌ ‌ ‌ ‌ ‌ ‌ ‌ ‌ ‌ ‌ ‌ ‌ ‌ ‌ ‌ ‌ ‌ ‌ Greyhound BOOK A TRIP ROAD REWARDS Greyhound &zwnj; &zwnj; &zwnj; &zwnj; &zwnj; &zwnj; &zwnj; &zwnj; &zwnj; &zwnj; &zwnj; &zwnj; &zwnj; &zwnj; &zwnj; &zwnj;
19a3018aa9b19ce8,"Wed, 29 Oct 2025 07:08:59 -0600",MileagePlus Program <MileagePlus_Program@enews.united.com>,Time is running out! Register for Mile Play,"incremental_precise,incremental_precise,initial_broad_recent,initial_broad_recent,initial_broad_recent",True,0,,other_travel,0.95,other_travel,12,,,"Time is running out! Register for Mile Play Ready. Set. Earn 3200 bonus miles. United MileagePlus MileagePlus # XXXXX111 Mileage balance 5475 United MileagePlus MileagePlus # XXXXX111 Mileage balance 5475 United MileagePlus MileagePlus # United Airlines - United MileagePlus Ready. Set. Earn 3,200 bonus miles. [url] MileagePlus # XXXXX111 Mileage balance 5,47"
196866fca4465caa,"Wed, 30 Apr 2025 11:23:15 +0000 (UTC)",ZoneUp by AirAsia <zoneup@notifications.airasia.com>,AirAsia flight to Manila – What to expect,"incremental_precise,incremental_precise,initial_broad_recent,initial_broad_recent,initial_broad_recent",True,0,,other_travel,0.95,other_travel,10,,,"AirAsia flight to Manila – What to expect Upgrade today to fly AirAsia with more comfort! View in browser English 简体中文 繁體中文 ภาษาไทย Bahasa Indonesia 한국어 日本語 airline logo Dear Guests, Always dreamed of getting an upgrade? Make it happen with <!DOCTYPE html [code] ""-//W3C//DTD XHTML 1.0 Strict//EN"" ""[url] <html xmlns=""[url] xmlns:v=""urn:schemas-microsoft-com:v"
170a74647a07bbfc,"Wed, 4 Mar 2020 12:39:03 -0800",MileagePlus Program <MileagePlus@news.united.com>,Don't forget about your new Mile Play game,"incremental_precise,incremental_precise",True,0,,other_travel,0.95,other_travel,12,,,"Don't forget about your new Mile Play game Ready. Set. Earn 2500 bonus miles. To ensure delivery to your inbox, please add [email] to your address book. MileagePlus # XXXXX111 Mileage balance: 4335 Register now to earn with <!doctype html> <html style=""opacity: 1;"" xmlns=""[url] xmlns:v=""urn:schemas-microsoft-com:vml""> <head> <meta charset=""UTF-8"" /> <meta co"
16baeda49192c121,1 Jul 2019 14:44:23 -0400,"""United Airlines, Inc."" <unitedairlines@united.com>",Boarding pass for confirmation I4MMJB,"incremental_precise,incremental_precise",True,1,heuristic,boarding_pass,0.95,parsed_ok,10,"SFO,EWR",UA577,"Boarding pass for confirmation [code] Boarding documents for the following traveler(s) are included with this email: NATHANCHARLES HENNIGH Please use one of the following options to retrieve your boarding documents: Option 1: Display your <table cellpadding=""0"" cellspacing=""0"" style=""font-family:Arial;font-size:10pt;""><tr><td></td></tr><tr><td>Boarding docum"
164bf63c94d25d8e,21 Jul 2018 20:29:04 -0400,"""United Airlines, Inc."" <unitedairlines@united.com>",Boarding pass for confirmation GCQ9B7,"incremental_precise,incremental_precise",True,1,heuristic,boarding_pass,0.95,parsed_ok,10,"EWR,SFO",UA497,"Boarding pass for confirmation [code] Boarding documents for the following traveler(s) are included with this email: NATHANCHARLES HENNIGH Please use one of the following options to retrieve your boarding documents: Option 1: Display your <table cellpadding=""0"" cellspacing=""0"" style=""font-family:Arial;font-size:10pt;""><tr><td></td></tr><tr><td>Boarding docum"
194299f3aae5341e,"Fri, 03 Jan 2025 00:44:48 +0000",Capital One <capitalone@capitalonebooking.com>,View your Capital One Travel Confirmation,"incremental_precise,incremental_precise,initial_broad_recent,initial_broad_recent,initial_broad_recent",True,2,heuristic,flight_confirmation,0.95,parsed_ok,12,"HOUSTON,WASHINGTON, DC",,"View your Capital One Travel Confirmation Here&#39;s what you need to know before you fly. Confirmed You&#39;re on your way! Here&#39;s what to expect between now and when you board your flight. Houston to Washington, DC Economy February 18, <!DOCTYPE html [code] ""-//W3C//DTD XHTML 1.0 Strict//EN"" ""[url] <html xmlns=""[url] <head> <meta http-equiv=""Content-Ty"
19084609567cb9a1,"Fri, 05 Jul 2024 14:30:32 -0500",Southwest Airlines <SouthwestAirlines@iluv.southwest.com>,Your 08/04 trip to Punta Cana is all set.,"incremental_precise,incremental_precise",True,1,heuristic,reminder,0.95,parsed_ok,10,"HOU,PUJ",,"Your 08/04 trip to Punta Cana is all set. Don&#39;t forget, two bags fly free* with us! View our mobile site | View in Browser Southwest Manage Flight | Flight Status | My Account August 04 - August 11 HOU PUJ Houston (Hobby) to Punta Cana <!DOCTYPE html [code] ""-//W3C//DTD XHTML 1.0 Transitional//EN"" ""[url] <html style=""text-size-adjust: 100%; opacity: 1; w"
1851b3d30fd512e3,"Fri, 16 Dec 2022 15:00:59 +0100",David Hennigh <davidandjuliahennigh@gmail.com>,Fwd: Your 01/14 trip to Dallas (Love) is all set.,incremental_precise,True,1,heuristic,itinerary,0.95,parsed_ok,12,"BNA,DAL",,"Fwd: Your 01/14 trip to Dallas (Love) is all set. ---------- Forwarded message --------- From: Southwest Airlines &lt;[email]&gt; Date: Thu, Dec 15, 2022 at 9:32 PM Subject: Your 01/14 trip to Dallas (Love) is all set. To: ---------- Forwarded message --------- From: Southwest Airlines <[email]> Date: Thu, Dec 15, 2022 at 9:32 PM Subject: Your 01/14 trip to "
17dca33c908674ac,"Fri, 17 Dec 2021 16:01:58 -0500",David Hennigh <davidandjuliahennigh@gmail.com>,Fwd: Your 01/16 trip to Tampa is all set.,incremental_precise,True,1,heuristic,itinerary,0.95,parsed_ok,12,TPA,,"Fwd: Your 01/16 trip to Tampa is all set. ---------- Forwarded message --------- From: Southwest Airlines &lt;[email]&gt; Date: Fri, Dec 17, 2021 at 3:33 PM Subject: Your 01/16 trip to Tampa is all set. To: &lt; ---------- Forwarded message --------- From: Southwest Airlines <[email]> Date: Fri, Dec 17, 2021 at 3:33 PM Subject: Your 01/16 trip to Tampa is al"
194299f3c24a13be,"Fri, 3 Jan 2025 00:44:48 +0000",JetBlue Reservations <jetblueairways@email.jetblue.com>,Your JetBlue itinerary.,"incremental_precise,incremental_precise,initial_broad_recent,initial_broad_recent,initial_broad_recent",True,1,heuristic,itinerary,0.95,parsed_ok,10,,,"Your JetBlue itinerary. Check out the details for your trip on Tue, Feb 18 Français | Español JetBlue JetBlue You&#39;re all set to jet. Thanks for booking your travel through JetBlue. It looks like one or more of the legs of <!DOCTYPE html [code] ""-//W3C//DTD XHTML 1.0 Transitional//EN"" ""[url] <html style=""opacity: 1;"" xmlns=""[url] xmlns:o=""urn:schemas-micr"
18e1e70688a60932,"Fri, 8 Mar 2024 14:21:06 +0000",Frontier Airlines <flights@emails.flyfrontier.com>,Important information for your upcoming trip,incremental_precise,True,1,heuristic,flight_confirmation,0.95,parsed_ok,10,,,"Important information for your upcoming trip Important information for your upcoming trip ‌ ‌ ‌ ‌ ‌ ‌ ‌ ‌ ‌ ‌ ‌ ‌ ‌ FRONTIER Low Fares Done Right [code] FOR CHOOSING FRONTIER Your confirmation code: [code] [code] BOOKING ALERT: YOU AND YOUR BAGS <!DOCTYPE html [code] ""-//W3C//DTD XHTML 1.0 Transitional//EN"" ""[url] <html xmlns=""[url] xmlns:v=""urn:schemas-micr"
18aa9af19069f014,"Mon, 18 Sep 2023 14:05:37 -0500",Nathan Hennigh <nathanhennigh@gmail.com>,Fwd: Your e-ticket receipt TEHAV3: 27 Sep 2023 19:21,incremental_precise,True,1,heuristic,receipt,0.95,parsed_ok,14,"DALLAS FT WORTH (TX) (DALLAS),NASHVILLE INTERNATIONAL (TN)",,"Fwd: Your e-ticket receipt [code]: 27 Sep 2023 19:21 ---------- Forwarded message --------- From: British Airways e-ticket &lt;[email]&gt; Date: Mon, Sep 18, 2023, 1:41 PM Subject: Your e-ticket receipt [code]: 27 Sep 2023 19:21 To: &lt; ---------- Forwarded message --------- From: British Airways e-ticket <[email]> Date: Mon, Sep 18, 2023, 1:41 PM Subject: "
18e75dcead120967,"Mon, 25 Mar 2024 09:46:33 -0400",Nathan Hennigh <nathanhennigh@gmail.com>,Fwd: Your Flight Confirmation Code F8ZSYL,incremental_precise,True,1,heuristic,flight_confirmation,0.95,parsed_ok,12,"BWI,DFW",3283,"Fwd: Your Flight Confirmation Code [code] ---------- Forwarded message --------- From: Frontier Airlines &lt;[email]&gt; Date: Wed, Feb 28, 2024, 11:02 PM Subject: Your Flight Confirmation Code [code] To: &lt; ---------- Forwarded message --------- From: Frontier Airlines <[email]> Date: Wed, Feb 28, 2024, 11:02 PM Subject: Your Flight Confirmation Code [cod"
196717b1434a5404,"Sat, 26 Apr 2025 09:43:33 +0000 (UTC)",ZoneUp by AirAsia <zoneup@notifications.airasia.com>,Information about available seat upgrades on your upcoming flight to Manila,"incremental_precise,incremental_precise,initial_broad_recent,initial_broad_recent,initial_broad_recent",True,1,jsonld,other_travel,0.95,parsed_ok,10,"KLO,MNL",712,"Information about available seat upgrades on your upcoming flight to Manila Eligible for a seat upgrade ‌ ‌ ‌ ‌ ‌ ‌ ‌ ‌ ‌ ‌ ‌ ‌ ‌ ‌ ‌ ‌ ‌ ‌ ‌ ‌ ‌ ‌ ‌ ‌ ‌ ‌ ‌ ‌ ‌ ‌‌ ‌ ‌ ‌ ‌ ‌ ‌ ‌ ‌ ‌ ‌ ‌ ‌ ‌ ‌ ‌ ‌ ‌ ‌ ‌ ‌ ‌ ‌ ‌ ‌ ‌ ‌ ‌ ‌ ‌‌ ‌ ‌ ‌ ‌ ‌ ‌ ‌ ‌ ‌ ‌ ‌ ‌ ‌ ‌ ‌ ‌ ‌ ‌ ‌ ‌ ‌ ‌ ‌ ‌ ‌ ‌ ‌ <!DOCTYPE html [code] ""-//W3C//DTD XHTML 1.0 Strict//EN"" ""[url] <html xmlns=""[url]"
1810bc6e3e4d2919,"Sat, 28 May 2022 10:46:31 -0700",Nathan Hennigh <nathanhennigh@gmail.com>,Fwd: Check in for your flight,"incremental_precise,incremental_precise",True,42,heuristic,reminder,0.95,parsed_ok,14,"LAX,MIA",AA 529,"Fwd: Check in for your flight ---------- Forwarded message --------- From: American Airlines &lt;[email]&gt; Date: Sat, May 28, 2022, 6:31 AM Subject: Check in for your flight To: [email] ---------- Forwarded message --------- From: American Airlines <[email]> Date: Sat, May 28, 2022, 6:31 AM Subject: Check in for your flight To: [email] <[email]> Sunday, Ma"
18ae756be7ced301,"Sat, 30 Sep 2023 18:25:35 +0000 (UTC)",American Airlines <no-reply@info.email.aa.com>,It's time to check in - XCIFWY,"incremental_precise,incremental_precise",True,1,heuristic,reminder,0.95,parsed_ok,14,"BNA,RDU",AA 4567,"It's time to check in - [code] American Airlines home AAdvantage Member 9WA**** It&#39;s time to check in American Confirmation code: [code] Sunday, October 1, 2023 BNA Nashville 12:23 PM AA 4567 RDU Raleigh-Durham 2:56 PM Check in <!DOCTYPE html> <html> <head> <link href=""[url] rel=""stylesheet"" type=""text/css""> <meta http-equiv=""Content-Type"" content=""text/"
193131e61ad26db6,"Sat, 9 Nov 2024 16:49:38 -0600",Nathan Hennigh <nathanhennigh@gmail.com>,Fwd: eTicket Itinerary and Receipt for Confirmation E37N05,"incremental_precise,initial_broad_recent,initial_broad_recent",True,1,heuristic,itinerary,0.95,parsed_ok,12,"IAD,IAH",[code],"Fwd: eTicket Itinerary and Receipt for Confirmation [code] ---------- Forwarded message --------- From: United Airlines &lt;[email]&gt; Date: Sat, Nov 9, 2024 at 4:43 PM Subject: eTicket Itinerary and Receipt for Confirmation [code] To: &lt; ---------- Forwarded message --------- From: United Airlines <[email]> Date: Sat, Nov 9, 2024 at 4:43 PM Subject: eTic"
19313506cead73a1,"Sat, 9 Nov 2024 23:44:16 +0000 (UTC)",United Airlines <Receipts@united.com>,Thanks for your purchase with United,"incremental_precise,incremental_precise,initial_broad_recent,initial_broad_recent,initial_broad_recent",True,1,heuristic,receipt,0.95,parsed_ok,12,"BNA,IAH",1,"Thanks for your purchase with United Sat, Nov 09, 2024 Thank you for choosing United. A receipt of your purchase is shown below. Please retain this email receipt for your records. Flight 1 of 1 [code] Sun, Dec 01, 2024 Sun, Dec 01, 2024 <html><head><link href=""[url] rel=""stylesheet""\><style type=""text/css"">@import url ([url] </head><body style="" font-family:"
190463c3a3bbefd8,"Sun, 23 Jun 2024 17:54:29 +0000 (UTC)",American Airlines <no-reply@info.email.aa.com>,It's time to check in - OVMOJR,"incremental_precise,incremental_precise",True,1,heuristic,reminder,0.95,parsed_ok,14,"DFW,IAD",AA 1390,"It's time to check in - [code] American Airlines home AAdvantage Member 9WA**** It&#39;s time to check in Confirmation code: [code] Monday, June 24, 2024 DFW Dallas/Fort Worth 12:19 PM AA 1390 IAD Washington Dulles 4:23 PM Check in <!DOCTYPE html> <html> <head> <link href=""[url] rel=""stylesheet"" type=""text/css""> <meta http-equiv=""Content-Type"" content=""text/"
18e6de0d53afa2a0,"Sun, 24 Mar 2024 00:33:53 +0000 (UTC)",American Airlines <no-reply@info.email.aa.com>,It's time to check in - ICMCLB,"incremental_precise,incremental_precise",True,1,heuristic,boarding_pass,0.95,parsed_ok,14,"DFW,IAD",AA 0413,"It's time to check in - [code] American Airlines home It&#39;s time to check in Confirmation code: [code] Sunday, March 24, 2024 DFW Dallas/Fort Worth 7:27 PM AA 0413 IAD Washington Dulles 11:13 PM Check in now Your trip is almost <!DOCTYPE html> <html> <head> <link href=""[url] rel=""stylesheet"" type=""text/css""> <meta http-equiv=""Content-Type"" content=""text/h"
18e7264a3b1274b9,"Sun, 24 Mar 2024 21:36:21 +0000 (UTC)",American Airlines <no-reply@info.email.aa.com>,It's time to check in - ICMCLB,"incremental_precise,incremental_precise",True,1,heuristic,boarding_pass,0.95,parsed_ok,14,"IAD,DFW",AA 1863,"It's time to check in - [code] American Airlines home It&#39;s time to check in Confirmation code: [code] Monday, March 25, 2024 IAD Washington Dulles 5:11 PM AA 1863 DFW Dallas/Fort Worth 8:00 PM Check in now Your trip is almost <!DOCTYPE html> <html> <head> <link href=""[url] rel=""stylesheet"" type=""text/css""> <meta http-equiv=""Content-Type"" content=""text/ht"
1970ab21d8424def,"Sun, 25 May 2025 22:45:34 -0500",Nathan Hennigh <nathanhennigh@gmail.com>,Fwd: Confirmation and E-Ticket Flight Itinerary for 67RXDT from Houston George Bush Intercontinental Ap to Chicago O'Hare on 18Jun25 for HENNIGH,"incremental_precise,initial_broad_recent,initial_broad_recent",True,1,subject,flight_confirmation,0.95,parsed_ok,14,"HOUSTON GEORGE BUSH INTERCONTINENTAL,CHICAGO O'HARE",,"Fwd: Confirmation and E-Ticket Flight Itinerary for [code] from Houston George Bush Intercontinental Ap to Chicago O'Hare on 18Jun25 for HENNIGH ---------- Forwarded message --------- From: Qantas Customer Services &lt;[email]&gt; Date: Sun, May 25, 2025, 10:08 PM Subject: Confirmation and E-Ticket Flight Itinerary ---------- Forwarded message --------- From"
192ce2e486039797,"Sun, 27 Oct 2024 13:33:11 +0000 (UTC)",American Airlines <no-reply@info.email.aa.com>,It's time to check in - YIWYYX,"incremental_precise,incremental_precise",True,1,heuristic,reminder,0.95,parsed_ok,14,"IAH,PHX",AA 6188,"It's time to check in - [code] American Airlines home AAdvantage Member 9WA**** It&#39;s time to check in Confirmation code: [code] Monday, October 28, 2024 IAH Houston George Bush 8:10 AM AA 6188 PHX Phoenix 9:20 AM Check in now Hi <!DOCTYPE html> <html> <head> <link href=""[url] rel=""stylesheet"" type=""text/css""> <meta http-equiv=""Content-Type"" content=""text"
184cecfcc06a5986,"Thu, 1 Dec 2022 11:50:34 -0600",Nathan Hennigh <nathanhennigh@gmail.com>,Fwd: Your trip confirmation and receipt,"incremental_precise,incremental_precise",True,5,heuristic,flight_confirmation,0.95,parsed_ok,12,"EWR,HGA,ADD,LFW,IAD,DUB","509,372,375,500,1911","Fwd: Your trip confirmation and receipt ---------- Forwarded message --------- From: Justfly.com &lt;[email]&gt; Date: Thu, Dec 1, 2022, 10:50 AM Subject: Your trip confirmation and receipt To: nathan &lt;[email] ---------- Forwarded message --------- From: Justfly.com <[email]> Date: Thu, Dec 1, 2022, 10:50 AM Subject: Your trip confirmation and receipt To:"
19012ac3ab4241e9,"Thu, 13 Jun 2024 12:36:35 -0500",Nathan Hennigh <nathanhennigh@gmail.com>,Fwd: You're going to Punta Cana on 08/04 (37X6VR)!,incremental_precise,True,3,heuristic,itinerary,0.95,parsed_ok,12,"HOU,PUJ,BWI","1074,0822,1304","Fwd: You're going to Punta Cana on 08/04 ([code])! ---------- Forwarded message --------- From: Southwest Airlines &lt;[email]&gt; Date: Thu, Jun 13, 2024 at 12:26 PM Subject: You&#39;re going to Punta Cana on 08/04 ([code] ---------- Forwarded message --------- From: Southwest Airlines <[email]> Date: Thu, Jun 13, 2024 at 12:26 PM Subject: You're going to P"
19470e5864d956fc,"Thu, 16 Jan 2025 14:54:37 -0600",Nathan Hennigh <nathanhennigh@gmail.com>,Fwd: View your Capital One Travel Confirmation,"incremental_precise,initial_broad_recent,initial_broad_recent",True,1,heuristic,itinerary,0.95,parsed_ok,14,"IAH,MCO",,"Fwd: View your Capital One Travel Confirmation ---------- Forwarded message --------- From: Capital One &lt;[email]&gt; Date: Thu, Jan 16, 2025, 2:51 PM Subject: View your Capital One Travel Confirmation To: Nathan Hennigh ---------- Forwarded message --------- From: Capital One <[email]> Date: Thu, Jan 16, 2025, 2:51 PM Subject: View your Capital One Travel"
19470fb0a18c70ad,"Thu, 16 Jan 2025 15:18:07 -0600",Nathan Hennigh <nathanhennigh@gmail.com>,Fwd: Your Flight Confirmation Code JLMVKR,"incremental_precise,initial_broad_recent,initial_broad_recent",True,1,heuristic,flight_confirmation,0.95,parsed_ok,12,"IAH,MCO",,"Fwd: Your Flight Confirmation Code [code] ---------- Forwarded message --------- From: Frontier Airlines &lt;[email]&gt; Date: Thu, Jan 16, 2025, 3:16 PM Subject: Your Flight Confirmation Code [code] To: &lt; ---------- Forwarded message --------- From: Frontier Airlines <[email]> Date: Thu, Jan 16, 2025, 3:16 PM Subject: Your Flight Confirmation Code [code]"
193dd1298488559e,"Thu, 19 Dec 2024 04:00:01 +0000 (UTC)",United Airlines <Receipts@united.com>,Thanks for your purchase with United,"incremental_precise,incremental_precise,initial_broad_recent,initial_broad_recent,initial_broad_recent",True,1,heuristic,receipt,0.95,parsed_ok,12,"IAD,IAH",,"Thanks for your purchase with United Thu, Dec 19, 2024 Thank you for choosing United. A receipt of your purchase is shown below. Please retain this email receipt for your records. Flight 1 of 1 [code] Thu, Dec 19, 2024 Fri, Dec 20, 2024 <html><head><link href=""[url] rel=""stylesheet""\><style type=""text/css"">@import url ([url] </head><body style="" font-family:"
188e64bb764db8f7,"Thu, 22 Jun 2023 22:28:18 -0500",Nathan Hennigh <nathanhennigh@gmail.com>,Fwd: You're going to NYC (LaGuardia) on 07/12 (2IXN4G)!,incremental_precise,True,2,heuristic,itinerary,0.95,parsed_ok,14,"HOU,LGA","1933,1575","Fwd: You're going to NYC (LaGuardia) on 07/12 ([code])! Tickets!! ---------- Forwarded message --------- From: Southwest Airlines &lt;[email]&gt; Date: Tue, Jun 20, 2023, 2:08 PM Subject: You&#39;re going to NYC (LaGuardia) on Tickets!! ---------- Forwarded message --------- From: Southwest Airlines <[email]> Date: Tue, Jun 20, 2023, 2:08 PM Subject: You're "
18b6d7b7d147b116,"Thu, 26 Oct 2023 14:34:48 -0500",Southwest Airlines <SouthwestAirlines@iluv.southwest.com>,Your 11/25 trip to Dallas (Love) is all set.,"incremental_precise,incremental_precise",True,1,heuristic,itinerary,0.95,parsed_ok,10,"BNA,DAL",,"Your 11/25 trip to Dallas (Love) is all set. Don&#39;t forget, two bags fly free* with us! View our mobile site | View in Browser Southwest Manage Flight | Flight Status | My Account November 25 BNA DAL Nashville to Dallas (Love) Full itinerary <!DOCTYPE html [code] ""-//W3C//DTD XHTML 1.0 Transitional//EN"" ""[url] <html style=""text-size-adjust: 100%; opacity:"
18df306f7654b7d1,"Thu, 29 Feb 2024 04:02:16 +0000",Frontier Airlines <flights@emails.flyfrontier.com>,Your Flight Confirmation Code F8ZSYL,incremental_precise,True,1,heuristic,flight_confirmation,0.95,parsed_ok,10,,,"Your Flight Confirmation Code [code] ‌ ‌ ‌ ‌ ‌ ‌ ‌ ‌ ‌ ‌ ‌ ‌ ‌ FRONTIER Low Fares Done Right PURCHASE CONFIRMATION Thank you for your purchase with us! Your flight confirmation code is: [code] You can check-in and retrieve your boarding <!DOCTYPE HTML [code] ""-//W3C//DTD HTML 4.01 Transitional//EN"" ""[url] <html lang=""en"" xmlns=""[url] xmlns:v=""urn:schemas-mic"
18df307652dacf2e,"Thu, 29 Feb 2024 04:02:44 +0000",Capital One <capitalone@capitalonebooking.com>,View your Capital One Travel Confirmation,"incremental_precise,incremental_precise",True,2,heuristic,flight_confirmation,0.95,parsed_ok,12,"WASHINGTON, DC",,"View your Capital One Travel Confirmation Here&#39;s what you need to know before you fly. Confirmed You&#39;re on your way! Here&#39;s what to expect between now and when you board your flight. Outbound to Washington, DC Base Fare March 07, <!DOCTYPE html [code] ""-//W3C//DTD XHTML 1.0 Strict//EN"" ""[url] <html xmlns=""[url] <head> <meta http-equiv=""Content-Ty"
18df311e05ba2b70,"Thu, 29 Feb 2024 04:14:11 +0000",Frontier Airlines <flights@emails.flyfrontier.com>,Your Flight Confirmation Code F8ZSYL,incremental_precise,True,1,heuristic,flight_confirmation,0.95,parsed_ok,10,,,"Your Flight Confirmation Code [code] ‌ ‌ ‌ ‌ ‌ ‌ ‌ ‌ ‌ ‌ ‌ ‌ ‌ FRONTIER Low Fares Done Right PURCHASE CONFIRMATION Thank you for your purchase with us! Your flight confirmation code is: [code] You can check-in and retrieve your boarding <!DOCTYPE HTML [code] ""-//W3C//DTD HTML 4.01 Transitional//EN"" ""[url] <html lang=""en"" xmlns=""[url] xmlns:v=""urn:schemas-mic"
19cd8aec1564fb6b,"Tue, 10 Mar 2026 11:57:36 -0500",Nathan Hennigh <nathanhennigh@gmail.com>,Fwd: Your confirmation receipt: LGCOFH for your flight to Nashville on 2026-03-17,"incremental_precise,incremental_precise,initial_broad_recent,initial_broad_recent",True,2,heuristic,flight_confirmation,0.95,parsed_ok,14,"DFW,BNA","3243,2787","Fwd: Your confirmation receipt: [code] for your flight to Nashville on 2026-03-17 ---------- Forwarded message --------- From: Alaska Airlines Reservation &lt;[email]&gt; Date: Sun, Mar 8, 2026, 8:18 PM Subject: Your confirmation receipt: [code] for your ---------- Forwarded message --------- From: Alaska Airlines Reservation <[email]> Date: Sun, Mar 8, 2026"
18bcedcca59c4e6f,"Tue, 14 Nov 2023 11:24:16 -0600",Nathan Hennigh <nathanhennigh@gmail.com>,Fwd: Your e-ticket receipt VFCLXP: 16 Nov 2023 21:20,incremental_precise,True,1,heuristic,flight_confirmation,0.95,parsed_ok,14,"DALLAS FT WORTH (TX) (DALLAS),NASHVILLE INTERNATIONAL (TN)",,"Fwd: Your e-ticket receipt [code]: 16 Nov 2023 21:20 ---------- Forwarded message --------- From: British Airways e-ticket &lt;[email]&gt; Date: Tue, Oct 17, 2023, 11:58 PM Subject: Your e-ticket receipt [code]: 16 Nov 2023 21:20 To: ---------- Forwarded message --------- From: British Airways e-ticket <[email]> Date: Tue, Oct 17, 2023, 11:58 PM Subject: You"
18043637d7e22d8f,"Tue, 19 Apr 2022 14:53:54 -0500",Nathan Hennigh <nathanhennigh@gmail.com>,Fwd: Your trip confirmation and receipt,"incremental_precise,incremental_precise",True,4,heuristic,flight_confirmation,0.95,parsed_ok,12,"LAX,RAK,MIA,MAD,JFK","4358,4610,3340,6251","Fwd: Your trip confirmation and receipt ---------- Forwarded message --------- From: Justfly.com &lt;[email]&gt; Date: Thu, Apr 14, 2022 at 4:27 PM Subject: Your trip confirmation and receipt To: Nathan &lt;nathanhennigh@gmail. ---------- Forwarded message --------- From: Justfly.com <[email]> Date: Thu, Apr 14, 2022 at 4:27 PM Subject: Your trip confirmatio"
188da4dd5672348b,"Tue, 20 Jun 2023 14:35:09 -0500",Southwest Airlines <SouthwestAirlines@iluv.southwest.com>,Your 07/12 trip to NYC (LaGuardia) is all set.,"incremental_precise,incremental_precise",True,1,heuristic,reminder,0.95,parsed_ok,10,"HOU,LGA",,"Your 07/12 trip to NYC (LaGuardia) is all set. Don&#39;t forget, two bags fly free* with us! View our mobile site | View in Browser Southwest Manage Flight | Flight Status | My Account July 12 - July 17 HOU LGA Houston (Hobby) to NYC (LaGuardia) <!DOCTYPE html [code] ""-//W3C//DTD XHTML 1.0 Transitional//EN"" ""[url] <html style=""text-size-adjust: 100%; opacity"
18e3a23ac328460e,"Wed, 13 Mar 2024 23:26:39 +0000",Capital One <capitalone@capitalonebooking.com>,View your Capital One Travel Confirmation,"incremental_precise,incremental_precise",True,2,heuristic,flight_confirmation,0.95,parsed_ok,12,"WASHINGTON, DC",,"View your Capital One Travel Confirmation Here&#39;s what you need to know before you fly. Confirmed You&#39;re on your way! Here&#39;s what to expect between now and when you board your flight. Outbound to Washington, DC Basic Economy March <!DOCTYPE html [code] ""-//W3C//DTD XHTML 1.0 Strict//EN"" ""[url] <html xmlns=""[url] <head> <meta http-equiv=""Content-Ty"
18ab3f0932595cd1,"Wed, 20 Sep 2023 13:53:22 -0500",Nathan Hennigh <nathanhennigh@gmail.com>,Fwd: Your trip confirmation (BNA - DFW),"incremental_precise,incremental_precise",True,2,heuristic,flight_confirmation,0.95,parsed_ok,12,"BNA,RDU,DFW","AA 4567,AA 1740","Fwd: Your trip confirmation (BNA - DFW) Return flight ---------- Forwarded message --------- From: American Airlines &lt;[email]&gt; Date: Wed, Sep 20, 2023 at 1:52 PM Subject: Your trip confirmation (BNA - DFW) To: &lt; Return flight ---------- Forwarded message --------- From: American Airlines <[email]> Date: Wed, Sep 20, 2023 at 1:52 PM Subject: Your tri"
188df732893662df,"Wed, 21 Jun 2023 14:34:05 -0500",Southwest Airlines <SouthwestAirlines@iluv.southwest.com>,Your 07/12 trip to NYC (LaGuardia) is all set.,"incremental_precise,incremental_precise",True,1,heuristic,reminder,0.95,parsed_ok,10,"HOU,LGA",,"Your 07/12 trip to NYC (LaGuardia) is all set. Don&#39;t forget, two bags fly free* with us! View our mobile site | View in Browser Southwest Manage Flight | Flight Status | My Account July 12 - July 17 HOU LGA Houston (Hobby) to NYC (LaGuardia) <!DOCTYPE html [code] ""-//W3C//DTD XHTML 1.0 Transitional//EN"" ""[url] <html style=""text-size-adjust: 100%; opacity"
190566f7b9a1d50b,"Wed, 26 Jun 2024 21:24:24 +0000 (UTC)",American Airlines <no-reply@info.email.aa.com>,It's time to check in - OVMOJR,"incremental_precise,incremental_precise",True,1,heuristic,boarding_pass,0.95,parsed_ok,14,"IAD,DFW",AA 1390,"It's time to check in - [code] American Airlines home AAdvantage Member 9WA**** It&#39;s time to check in Confirmation code: [code] Thursday, June 27, 2024 IAD Washington Dulles 5:13 PM AA 1390 DFW Dallas/Fort Worth 7:43 PM Check in <!DOCTYPE html> <html> <head> <link href=""[url] rel=""stylesheet"" type=""text/css""> <meta http-equiv=""Content-Type"" content=""text"
18ad430a2a9b9a09,"Wed, 27 Sep 2023 01:11:11 +0000 (UTC)",American Airlines <no-reply@info.email.aa.com>,It's time to check in - VPNGBH,"incremental_precise,incremental_precise",True,1,heuristic,boarding_pass,0.95,parsed_ok,14,"DFW,BNA",AA 1044,"It's time to check in - [code] American Airlines home It&#39;s time to check in American Confirmation code: [code] Wednesday, September 27, 2023 DFW Dallas/Fort Worth 7:21 PM AA 1044 BNA Nashville 9:19 PM Check in now Your trip is <!DOCTYPE html> <html> <head> <link href=""[url] rel=""stylesheet"" type=""text/css""> <meta http-equiv=""Content-Type"" content=""text/h"
18df30b29103a388,"Wed, 28 Feb 2024 22:06:49 -0600",Nathan Hennigh <nathanhennigh@gmail.com>,Fwd: Your Flight Confirmation Code F8ZSYL,incremental_precise,True,1,heuristic,flight_confirmation,0.95,parsed_ok,12,"BWI,DFW",3283,"Fwd: Your Flight Confirmation Code [code] ---------- Forwarded message --------- From: Frontier Airlines &lt;[email]&gt; Date: Wed, Feb 28, 2024, 10:02 PM Subject: Your Flight Confirmation Code [code] To: &lt; ---------- Forwarded message --------- From: Frontier Airlines <[email]> Date: Wed, Feb 28, 2024, 10:02 PM Subject: Your Flight Confirmation Code [cod"
192df41234e9f3ef,"Wed, 30 Oct 2024 21:07:20 +0000 (UTC)",American Airlines <no-reply@info.email.aa.com>,It's time to check in - YIWYYX,"incremental_precise,incremental_precise",True,1,heuristic,boarding_pass,0.95,parsed_ok,14,"PHX,DFW",AA 2479,"It's time to check in - [code] American Airlines home AAdvantage Member 9WA**** It&#39;s time to check in Confirmation code: [code] Thursday, October 31, 2024 PHX Phoenix 1:35 PM AA 2479 DFW Dallas/Fort Worth 6:01 PM Check in now Hi <!DOCTYPE html> <html> <head> <link href=""[url] rel=""stylesheet"" type=""text/css""> <meta http-equiv=""Content-Type"" content=""text"
